date,USD,CNY,JPY,KRW
2020-01-01,1.000000,6.962300,108.681000,1153.750000
2020-01-02,1.000000,6.962200,108.712997,1153.969971
2020-01-03,1.000000,6.963400,108.542999,1157.150024
2020-01-06,1.000000,6.964500,107.963997,1165.849976
2020-01-07,1.000000,6.974500,108.405998,1167.420044
2020-01-08,1.000000,6.944400,108.015999,1166.459961
2020-01-09,1.000000,6.945200,109.030998,1161.260010
2020-01-10,1.000000,6.951700,109.507004,1157.810059
2020-01-13,1.000000,6.909300,109.566002,1156.930054
2020-01-14,1.000000,6.892700,109.991997,1153.939941
2020-01-15,1.000000,6.900300,109.853996,1157.050049
2020-01-16,1.000000,6.889800,109.883003,1156.780029
2020-01-17,1.000000,6.878100,110.175003,1158.770020
2020-01-20,1.000000,6.858700,110.180000,1160.359985
2020-01-21,1.000000,6.865800,110.172997,1157.569946
2020-01-22,1.000000,6.904800,109.907997,1168.739990
2020-01-23,1.000000,6.905700,109.727997,1163.729980
2020-01-24,1.000000,6.935600,109.552002,1167.599976
2020-01-27,1.000000,6.935700,108.802002,1169.150024
2020-01-28,1.000000,6.935700,108.919998,1176.729980
2020-01-29,1.000000,6.935700,109.132004,1174.280029
2020-01-30,1.000000,6.935700,108.987000,1178.079956
2020-01-31,1.000000,6.935700,108.876999,1187.119995
2020-02-03,1.000000,6.935700,108.372002,1194.869995
2020-02-04,1.000000,7.020600,108.612000,1189.359985
2020-02-05,1.000000,6.997500,109.446999,1182.479980
2020-02-06,1.000000,6.972800,109.814003,1183.459961
2020-02-07,1.000000,6.969800,109.968002,1184.250000
2020-02-10,1.000000,7.000600,109.644997,1191.089966
2020-02-11,1.000000,6.983500,109.765999,1185.630005
2020-02-12,1.000000,6.964900,109.843002,1180.719971
2020-02-13,1.000000,6.971000,109.846001,1177.959961
2020-02-14,1.000000,6.976400,109.758003,1183.469971
2020-02-17,1.000000,6.986100,109.791000,1182.180054
2020-02-18,1.000000,6.979300,109.830002,1183.810059
2020-02-19,1.000000,6.996200,109.918999,1189.930054
2020-02-20,1.000000,6.997200,111.209999,1191.369995
2020-02-21,1.000000,7.022400,111.954002,1204.400024
2020-02-24,1.000000,7.026200,111.556999,1205.770020
2020-02-25,1.000000,7.028400,110.857002,1217.650024
2020-02-26,1.000000,7.036400,110.286003,1214.550049
2020-02-27,1.000000,7.039800,110.362999,1211.359985
2020-02-28,1.000000,7.003500,109.660004,1211.310059
2020-03-02,1.000000,6.990900,107.696999,1200.099976
2020-03-03,1.000000,6.999800,108.487000,1188.280029
2020-03-04,1.000000,6.961000,107.037003,1186.339966
2020-03-05,1.000000,6.965400,107.677002,1183.680054
2020-03-06,1.000000,6.936000,106.248001,1187.469971
2020-03-09,1.000000,6.931100,103.938004,1187.699951
2020-03-10,1.000000,6.945600,103.112000,1199.959961
2020-03-11,1.000000,6.955600,105.026001,1184.699951
2020-03-12,1.000000,6.959600,104.550003,1189.390015
2020-03-13,1.000000,7.028600,104.610001,1209.969971
2020-03-16,1.000000,7.007200,106.688004,1210.800049
2020-03-17,1.000000,6.992700,106.175003,1232.040039
2020-03-18,1.000000,7.006200,107.376999,1237.989990
2020-03-19,1.000000,7.046400,108.360001,1255.349976
2020-03-20,1.000000,7.107700,111.291000,1256.880005
2020-03-23,1.000000,7.094800,110.461998,1253.949951
2020-03-24,1.000000,7.091300,110.827003,1262.930054
2020-03-25,1.000000,7.062000,111.120003,1228.599976
2020-03-26,1.000000,7.113500,110.875999,1231.079956
2020-03-27,1.000000,7.073100,109.109001,1212.189941
2020-03-30,1.000000,7.095300,107.413002,1211.630005
2020-03-31,1.000000,7.099200,108.035004,1222.699951
2020-04-01,1.000000,7.081400,107.508003,1216.660034
2020-04-02,1.000000,7.099300,107.257004,1234.729980
2020-04-03,1.000000,7.083200,108.000999,1226.849976
2020-04-06,1.000000,7.091300,108.693001,1235.800049
2020-04-07,1.000000,7.091300,109.114998,1223.099976
2020-04-08,1.000000,7.044800,108.651001,1215.310059
2020-04-09,1.000000,7.064900,108.921997,1214.750000
2020-04-10,1.000000,7.042200,108.560997,1209.510010
2020-04-13,1.000000,7.035100,108.335999,1211.040039
2020-04-14,1.000000,7.051600,107.623001,1213.900024
2020-04-15,1.000000,7.048300,107.103996,1212.380005
2020-04-16,1.000000,7.066500,107.609001,1222.550049
2020-04-17,1.000000,7.078800,107.945000,1226.640015
2020-04-20,1.000000,7.072200,107.669998,1215.260010
2020-04-21,1.000000,7.072400,107.668999,1218.099976
2020-04-22,1.000000,7.070800,107.721001,1230.849976
2020-04-23,1.000000,7.083100,107.813004,1231.380005
2020-04-24,1.000000,7.065200,107.667000,1232.449951
2020-04-27,1.000000,7.080900,107.495003,1229.500000
2020-04-28,1.000000,7.085300,107.282997,1220.869995
2020-04-29,1.000000,7.078100,106.740997,1220.400024
2020-04-30,1.000000,7.075400,106.610001,1210.790039
2020-05-01,1.000000,7.061300,107.285004,1212.959961
2020-05-04,1.000000,7.061500,106.737999,1223.780029
2020-05-05,1.000000,7.061500,106.696999,1222.449951
2020-05-06,1.000000,7.061500,106.452003,1221.250000
2020-05-07,1.000000,7.103600,106.191002,1228.530029
2020-05-08,1.000000,7.083800,106.359001,1218.630005
2020-05-11,1.000000,7.073100,106.918999,1218.699951
2020-05-12,1.000000,7.098000,107.566002,1222.400024
2020-05-13,1.000000,7.082100,107.138000,1225.650024
2020-05-14,1.000000,7.091300,106.932999,1226.550049
2020-05-15,1.000000,7.094700,107.364998,1225.459961
2020-05-18,1.000000,7.101200,107.208000,1232.089966
2020-05-19,1.000000,7.108600,107.380997,1224.199951
2020-05-20,1.000000,7.098200,107.809998,1224.319946
2020-05-21,1.000000,7.092500,107.591003,1226.550049
2020-05-22,1.000000,7.114300,107.630997,1233.390015
2020-05-25,1.000000,7.129400,107.735001,1239.550049
2020-05-26,1.000000,7.135700,107.686996,1240.020020
2020-05-27,1.000000,7.134100,107.490997,1230.869995
2020-05-28,1.000000,7.168200,107.797997,1238.300049
2020-05-29,1.000000,7.145200,107.642998,1237.979980
2020-06-01,1.000000,7.136300,107.708000,1230.469971
2020-06-02,1.000000,7.126700,107.547997,1222.989990
2020-06-03,1.000000,7.099900,108.808998,1219.140015
2020-06-04,1.000000,7.114700,108.999001,1215.819946
2020-06-05,1.000000,7.109200,109.150002,1215.380005
2020-06-08,1.000000,7.081000,109.634003,1201.109985
2020-06-09,1.000000,7.070300,108.408997,1195.729980
2020-06-10,1.000000,7.076300,107.796997,1197.300049
2020-06-11,1.000000,7.060000,106.981003,1189.739990
2020-06-12,1.000000,7.064100,106.803001,1204.760010
2020-06-15,1.000000,7.082400,107.310997,1202.609985
2020-06-16,1.000000,7.090800,107.463997,1206.900024
2020-06-17,1.000000,7.086000,107.410004,1211.150024
2020-06-18,1.000000,7.084500,106.893997,1214.349976
2020-06-19,1.000000,7.088400,107.005997,1211.359985
2020-06-22,1.000000,7.071300,106.831001,1210.890015
2020-06-23,1.000000,7.067400,106.903000,1208.000000
2020-06-24,1.000000,7.057400,106.431999,1207.949951
2020-06-25,1.000000,7.077200,107.043999,1205.250000
2020-06-26,1.000000,7.077200,107.154999,1201.520020
2020-06-29,1.000000,7.077200,107.218002,1202.630005
2020-06-30,1.000000,7.079600,107.589996,1198.489990
2020-07-01,1.000000,7.064400,107.988998,1198.390015
2020-07-02,1.000000,7.070100,107.365997,1200.699951
2020-07-03,1.000000,7.065500,107.497002,1198.170044
2020-07-06,1.000000,7.065400,107.579002,1198.500000
2020-07-07,1.000000,7.017300,107.359001,1190.930054
2020-07-08,1.000000,7.012900,107.578003,1195.699951
2020-07-09,1.000000,7.003500,107.282997,1192.020020
2020-07-10,1.000000,6.993100,107.236000,1195.770020
2020-07-13,1.000000,6.992000,106.910004,1199.520020
2020-07-14,1.000000,6.996400,107.276001,1203.780029
2020-07-15,1.000000,6.995800,107.245003,1203.979980
2020-07-16,1.000000,6.987800,106.917000,1200.469971
2020-07-17,1.000000,6.988200,107.278000,1204.229980
2020-07-20,1.000000,6.991200,107.089996,1202.530029
2020-07-21,1.000000,6.982300,107.195999,1200.030029
2020-07-22,1.000000,6.979700,106.832001,1192.739990
2020-07-23,1.000000,6.998700,107.175003,1197.229980
2020-07-24,1.000000,7.003100,106.837997,1200.939941
2020-07-27,1.000000,7.016100,105.992996,1200.489990
2020-07-28,1.000000,6.993200,105.261002,1195.920044
2020-07-29,1.000000,6.999700,105.107002,1199.369995
2020-07-30,1.000000,7.000300,105.031998,1190.729980
2020-07-31,1.000000,7.007300,104.682999,1189.560059
2020-08-03,1.000000,6.974200,105.865997,1193.390015
2020-08-04,1.000000,6.979400,106.029999,1191.760010
2020-08-05,1.000000,6.972700,105.613998,1192.250000
2020-08-06,1.000000,6.934600,105.553001,1185.180054
2020-08-07,1.000000,6.952400,105.581001,1183.170044
2020-08-10,1.000000,6.967000,105.849998,1188.150024
2020-08-11,1.000000,6.960800,105.991997,1185.189941
2020-08-12,1.000000,6.945300,106.521004,1184.979980
2020-08-13,1.000000,6.936200,106.821999,1182.750000
2020-08-14,1.000000,6.943600,106.986000,1184.119995
2020-08-17,1.000000,6.949400,106.554001,1186.040039
2020-08-18,1.000000,6.931800,105.995003,1183.099976
2020-08-19,1.000000,6.920800,105.223999,1183.640015
2020-08-20,1.000000,6.919200,106.079002,1181.209961
2020-08-21,1.000000,6.914800,105.665001,1184.290039
2020-08-24,1.000000,6.918500,105.876999,1191.199951
2020-08-25,1.000000,6.918900,105.992996,1188.250000
2020-08-26,1.000000,6.911900,106.404999,1186.459961
2020-08-27,1.000000,6.884900,105.856003,1183.849976
2020-08-28,1.000000,6.889200,106.637001,1186.579956
2020-08-31,1.000000,6.864400,105.535004,1179.589966
2020-09-01,1.000000,6.847700,106.003998,1187.040039
2020-09-02,1.000000,6.827500,105.896004,1184.920044
2020-09-03,1.000000,6.837300,106.208000,1188.650024
2020-09-04,1.000000,6.845800,106.085999,1190.780029
2020-09-07,1.000000,6.841500,106.310997,1186.420044
2020-09-08,1.000000,6.829500,106.305000,1186.810059
2020-09-09,1.000000,6.845100,105.968002,1189.239990
2020-09-10,1.000000,6.831800,106.231003,1184.380005
2020-09-11,1.000000,6.833300,106.142998,1187.229980
2020-09-14,1.000000,6.833400,106.144997,1186.969971
2020-09-15,1.000000,6.809100,105.714996,1180.839966
2020-09-16,1.000000,6.780300,105.380997,1179.250000
2020-09-17,1.000000,6.753700,105.061996,1172.069946
2020-09-18,1.000000,6.764100,104.697998,1168.650024
2020-09-21,1.000000,6.768000,104.537003,1163.989990
2020-09-22,1.000000,6.803700,104.690002,1163.849976
2020-09-23,1.000000,6.778400,105.033997,1162.500000
2020-09-24,1.000000,6.808900,105.304001,1169.729980
2020-09-25,1.000000,6.827700,105.434998,1168.500000
2020-09-28,1.000000,6.822800,105.573997,1173.439941
2020-09-29,1.000000,6.810800,105.432999,1166.410034
2020-09-30,1.000000,6.815400,105.664001,1167.859985
2020-10-01,1.000000,6.789700,105.450996,1163.780029
2020-10-02,1.000000,6.789400,105.542999,1161.979980
2020-10-05,1.000000,6.789800,105.510002,1165.359985
2020-10-06,1.000000,6.789800,105.707001,1156.089966
2020-10-07,1.000000,6.789800,105.639999,1163.890015
2020-10-08,1.000000,6.789700,105.964996,1156.500000
2020-10-09,1.000000,6.789200,106.017998,1150.359985
2020-10-12,1.000000,6.693700,105.632004,1142.650024
2020-10-13,1.000000,6.744400,105.338997,1146.400024
2020-10-14,1.000000,6.745500,105.470001,1147.890015
2020-10-15,1.000000,6.713600,105.139000,1146.310059
2020-10-16,1.000000,6.723900,105.360001,1144.130005
2020-10-19,1.000000,6.696600,105.427002,1141.180054
2020-10-20,1.000000,6.680700,105.470001,1137.000000
2020-10-21,1.000000,6.675200,105.476997,1136.000000
2020-10-22,1.000000,6.650000,104.676003,1132.030029
2020-10-23,1.000000,6.683500,104.920998,1134.150024
2020-10-26,1.000000,6.685700,104.682999,1127.760010
2020-10-27,1.000000,6.711300,104.832001,1131.640015
2020-10-28,1.000000,6.704400,104.544998,1128.229980
2020-10-29,1.000000,6.727900,104.315002,1134.180054
2020-10-30,1.000000,6.714000,104.554001,1129.520020
2020-11-02,1.000000,6.689100,104.580002,1135.609985
2020-11-03,1.000000,6.689700,104.724998,1132.140015
2020-11-04,1.000000,6.676600,104.545998,1130.329956
2020-11-05,1.000000,6.652000,104.438004,1129.739990
2020-11-06,1.000000,6.605200,103.602997,1122.630005
2020-11-09,1.000000,6.610400,103.252998,1121.150024
2020-11-10,1.000000,6.628100,105.137001,1118.689941
2020-11-11,1.000000,6.614800,105.260002,1116.079956
2020-11-12,1.000000,6.630800,105.415001,1111.449951
2020-11-13,1.000000,6.610600,105.089996,1114.910034
2020-11-16,1.000000,6.605400,104.676003,1107.760010
2020-11-17,1.000000,6.583800,104.541000,1106.089966
2020-11-18,1.000000,6.555100,104.181000,1104.949951
2020-11-19,1.000000,6.559500,103.893997,1105.900024
2020-11-20,1.000000,6.582400,103.824997,1114.140015
2020-11-23,1.000000,6.561900,103.817001,1113.829956
2020-11-24,1.000000,6.584500,104.525002,1113.079956
2020-11-25,1.000000,6.590200,104.513000,1109.709961
2020-11-26,1.000000,6.577500,104.400002,1104.489990
2020-11-27,1.000000,6.574500,104.241997,1105.560059
2020-11-30,1.000000,6.576000,104.082001,1104.329956
2020-12-01,1.000000,6.577800,104.299004,1108.510010
2020-12-02,1.000000,6.570800,104.308998,1106.280029
2020-12-03,1.000000,6.562400,104.458000,1099.380005
2020-12-04,1.000000,6.541400,103.822998,1091.319946
2020-12-07,1.000000,6.530600,104.197998,1083.780029
2020-12-08,1.000000,6.528700,103.998001,1083.680054
2020-12-09,1.000000,6.531700,104.135002,1084.859985
2020-12-10,1.000000,6.542200,104.272003,1086.359985
2020-12-11,1.000000,6.544400,104.181999,1086.369995
2020-12-14,1.000000,6.545700,103.939003,1091.579956
2020-12-15,1.000000,6.549700,104.010002,1092.060059
2020-12-16,1.000000,6.538300,103.634003,1088.209961
2020-12-17,1.000000,6.531300,103.474998,1091.650024
2020-12-18,1.000000,6.532100,103.130997,1092.160034
2020-12-21,1.000000,6.536000,103.457001,1098.979980
2020-12-22,1.000000,6.548200,103.339996,1101.859985
2020-12-23,1.000000,6.542200,103.533997,1107.979980
2020-12-24,1.000000,6.539600,103.552002,1104.800049
2020-12-25,1.000000,6.529000,103.653000,1099.910034
2020-12-28,1.000000,6.540800,103.532997,1099.089966
2020-12-29,1.000000,6.535600,103.689003,1095.000000
2020-12-30,1.000000,6.530000,103.558998,1092.619995
2020-12-31,1.000000,6.522200,103.121002,1086.420044
2021-01-01,1.000000,6.531700,103.225998,1084.650024
2021-01-04,1.000000,6.532000,103.238998,1084.729980
2021-01-05,1.000000,6.460500,103.125000,1086.619995
2021-01-06,1.000000,6.455200,102.678001,1086.449951
2021-01-07,1.000000,6.460700,103.024002,1086.949951
2021-01-08,1.000000,6.477200,103.790001,1093.069946
2021-01-11,1.000000,6.474300,104.091003,1092.819946
2021-01-12,1.000000,6.479700,104.127998,1096.449951
2021-01-13,1.000000,6.462900,103.751999,1093.540039
2021-01-14,1.000000,6.467000,103.836998,1097.109985
2021-01-15,1.000000,6.473100,103.828003,1094.900024
2021-01-18,1.000000,6.479700,103.907997,1102.959961
2021-01-19,1.000000,6.491400,103.703003,1103.099976
2021-01-20,1.000000,6.477900,103.897003,1100.989990
2021-01-21,1.000000,6.465400,103.555000,1096.250000
2021-01-22,1.000000,6.461400,103.505997,1099.900024
2021-01-25,1.000000,6.480800,103.777000,1104.640015
2021-01-26,1.000000,6.478700,103.760002,1101.729980
2021-01-27,1.000000,6.463700,103.602997,1101.000000
2021-01-28,1.000000,6.482100,104.142998,1107.500000
2021-01-29,1.000000,6.448400,104.291000,1112.290039
2021-02-01,1.000000,6.426800,104.685997,1117.430054
2021-02-02,1.000000,6.467500,104.880997,1116.880005
2021-02-03,1.000000,6.456400,105.028000,1113.609985
2021-02-04,1.000000,6.459200,104.995003,1113.150024
2021-02-05,1.000000,6.470700,105.571999,1119.130005
2021-02-08,1.000000,6.465700,105.400002,1116.849976
2021-02-09,1.000000,6.448000,105.209999,1116.329956
2021-02-10,1.000000,6.434200,104.574997,1110.000000
2021-02-11,1.000000,6.457200,104.614998,1103.979980
2021-02-12,1.000000,6.456900,104.740997,1102.219971
2021-02-15,1.000000,6.457200,105.058998,1103.369995
2021-02-16,1.000000,6.457200,105.387001,1102.239990
2021-02-17,1.000000,6.457100,106.102997,1106.459961
2021-02-18,1.000000,6.457600,105.861000,1104.550049
2021-02-19,1.000000,6.487200,105.652000,1106.219971
2021-02-22,1.000000,6.485800,105.514000,1103.939941
2021-02-23,1.000000,6.463100,104.984001,1110.670044
2021-02-24,1.000000,6.463000,105.282997,1109.310059
2021-02-25,1.000000,6.456000,105.944000,1107.209961
2021-02-26,1.000000,6.453800,106.378998,1119.130005
2021-03-01,1.000000,6.477900,106.502998,1123.369995
2021-03-02,1.000000,6.463200,106.850998,1101.829956
2021-03-03,1.000000,6.469500,106.758003,1124.329956
2021-03-04,1.000000,6.466800,107.057999,1129.500000
2021-03-05,1.000000,6.469000,107.955002,1133.349976
2021-03-08,1.000000,6.495700,108.418999,1127.489990
2021-03-09,1.000000,6.524600,108.939003,1140.229980
2021-03-10,1.000000,6.505600,108.577003,1134.910034
2021-03-11,1.000000,6.504900,108.431999,1136.010010
2021-03-12,1.000000,6.493000,108.555000,1129.640015
2021-03-15,1.000000,6.498500,109.116997,1134.500000
2021-03-16,1.000000,6.498900,109.134003,1131.390015
2021-03-17,1.000000,6.505000,109.028999,1129.839966
2021-03-18,1.000000,6.502600,108.890999,1121.130005
2021-03-19,1.000000,6.504800,108.931000,1126.109985
2021-03-22,1.000000,6.499000,108.871002,1127.479980
2021-03-23,1.000000,6.506300,108.776001,1125.119995
2021-03-24,1.000000,6.514900,108.519997,1133.199951
2021-03-25,1.000000,6.514600,108.790001,1134.479980
2021-03-26,1.000000,6.544800,109.179001,1134.209961
2021-03-29,1.000000,6.540500,109.791000,1127.959961
2021-03-30,1.000000,6.568700,109.835999,1131.650024
2021-03-31,1.000000,6.571000,110.305000,1132.319946
2021-04-01,1.000000,6.551200,110.750000,1127.199951
2021-04-02,1.000000,6.564400,110.612999,1128.060059
2021-04-05,1.000000,6.566500,110.677002,1128.790039
2021-04-06,1.000000,6.565900,110.193001,1124.109985
2021-04-07,1.000000,6.538500,109.792999,1117.500000
2021-04-08,1.000000,6.541000,109.851997,1117.859985
2021-04-09,1.000000,6.550000,109.330002,1115.839966
2021-04-12,1.000000,6.552000,109.694000,1122.060059
2021-04-13,1.000000,6.547900,109.374001,1124.449951
2021-04-14,1.000000,6.542600,108.924004,1120.689941
2021-04-15,1.000000,6.528100,108.893997,1116.109985
2021-04-16,1.000000,6.521300,108.689003,1115.670044
2021-04-19,1.000000,6.511100,108.719002,1115.650024
2021-04-20,1.000000,6.509300,108.098000,1114.469971
2021-04-21,1.000000,6.498500,108.133003,1116.109985
2021-04-22,1.000000,6.490000,108.039001,1115.660034
2021-04-23,1.000000,6.490300,107.977997,1118.589966
2021-04-26,1.000000,6.494400,107.874001,1114.130005
2021-04-27,1.000000,6.484500,108.202003,1109.229980
2021-04-28,1.000000,6.482100,108.750000,1112.150024
2021-04-29,1.000000,6.477900,108.504997,1108.660034
2021-04-30,1.000000,6.471200,108.903999,1106.630005
2021-05-03,1.000000,6.473500,109.282997,1116.760010
2021-05-04,1.000000,6.472800,109.086998,1120.400024
2021-05-05,1.000000,6.472800,109.329002,1124.910034
2021-05-06,1.000000,6.473000,109.219002,1123.989990
2021-05-07,1.000000,6.463200,109.050003,1119.390015
2021-05-10,1.000000,6.431500,108.571999,1111.969971
2021-05-11,1.000000,6.415100,108.844002,1115.540039
2021-05-12,1.000000,6.428300,108.714996,1118.229980
2021-05-13,1.000000,6.455200,109.664001,1131.599976
2021-05-14,1.000000,6.450900,109.515999,1125.699951
2021-05-17,1.000000,6.436100,109.412003,1125.530029
2021-05-18,1.000000,6.438200,109.241997,1135.510010
2021-05-19,1.000000,6.424200,108.867996,1127.140015
2021-05-20,1.000000,6.434000,109.273003,1130.369995
2021-05-21,1.000000,6.433900,108.860001,1127.050049
2021-05-24,1.000000,6.433200,108.918999,1126.790039
2021-05-25,1.000000,6.418300,108.850998,1122.189941
2021-05-26,1.000000,6.410000,108.802002,1121.380005
2021-05-27,1.000000,6.390700,109.169998,1115.520020
2021-05-28,1.000000,6.382000,109.808998,1117.300049
2021-05-31,1.000000,6.367400,109.906998,1112.849976
2021-06-01,1.000000,6.369000,109.492996,1106.979980
2021-06-02,1.000000,6.380700,109.492996,1107.209961
2021-06-03,1.000000,6.380100,109.595001,1109.880005
2021-06-04,1.000000,6.402700,110.265999,1115.439941
2021-06-07,1.000000,6.394300,109.616997,1109.680054
2021-06-08,1.000000,6.396300,109.274002,1109.319946
2021-06-09,1.000000,6.399500,109.469002,1116.890015
2021-06-10,1.000000,6.386500,109.610001,1116.410034
2021-06-11,1.000000,6.392300,109.408997,1111.260010
2021-06-14,1.000000,6.397700,109.709000,1115.550049
2021-06-15,1.000000,6.397200,110.041000,1116.319946
2021-06-16,1.000000,6.405000,110.084000,1116.030029
2021-06-17,1.000000,6.396700,110.769997,1131.949951
2021-06-18,1.000000,6.447400,110.324997,1133.540039
2021-06-21,1.000000,6.452100,110.200996,1134.250000
2021-06-22,1.000000,6.465900,110.374001,1130.339966
2021-06-23,1.000000,6.480300,110.653999,1132.510010
2021-06-24,1.000000,6.473000,111.012001,1132.609985
2021-06-25,1.000000,6.471000,110.920998,1130.800049
2021-06-28,1.000000,6.446300,110.821999,1125.339966
2021-06-29,1.000000,6.455100,110.602997,1129.040039
2021-06-30,1.000000,6.463100,110.535004,1130.510010
2021-07-01,1.000000,6.456200,111.124001,1129.599976
2021-07-02,1.000000,6.467600,111.571999,1132.410034
2021-07-05,1.000000,6.472100,111.135002,1129.770020
2021-07-06,1.000000,6.462800,110.916000,1129.439941
2021-07-07,1.000000,6.478100,110.601997,1135.479980
2021-07-08,1.000000,6.471500,110.635002,1140.520020
2021-07-09,1.000000,6.489100,109.801003,1146.280029
2021-07-12,1.000000,6.478000,110.214996,1144.310059
2021-07-13,1.000000,6.474600,110.324997,1141.099976
2021-07-14,1.000000,6.467500,110.595001,1148.699951
2021-07-15,1.000000,6.468300,109.984001,1143.410034
2021-07-16,1.000000,6.460100,109.778000,1140.119995
2021-07-19,1.000000,6.478200,109.874001,1141.500000
2021-07-20,1.000000,6.489400,109.533997,1150.069946
2021-07-21,1.000000,6.483900,109.919998,1147.479980
2021-07-22,1.000000,6.467000,110.254997,1148.689941
2021-07-23,1.000000,6.469700,110.139999,1149.910034
2021-07-26,1.000000,6.480400,110.543999,1151.119995
2021-07-27,1.000000,6.481700,110.302002,1151.760010
2021-07-28,1.000000,6.509700,109.806000,1153.560059
2021-07-29,1.000000,6.489400,109.890999,1149.410034
2021-07-30,1.000000,6.455300,109.408997,1142.119995
2021-08-02,1.000000,6.460500,109.706001,1150.930054
2021-08-03,1.000000,6.461000,109.268997,1149.560059
2021-08-04,1.000000,6.469200,108.990997,1148.579956
2021-08-05,1.000000,6.465200,109.528999,1144.060059
2021-08-06,1.000000,6.460300,109.751999,1143.119995
2021-08-09,1.000000,6.482500,110.259003,1144.920044
2021-08-10,1.000000,6.485200,110.306000,1145.890015
2021-08-11,1.000000,6.484900,110.598000,1152.479980
2021-08-12,1.000000,6.478200,110.374001,1152.849976
2021-08-13,1.000000,6.478300,110.403000,1162.060059
2021-08-16,1.000000,6.476400,109.624001,1161.380005
2021-08-17,1.000000,6.473600,109.296997,1164.500000
2021-08-18,1.000000,6.485100,109.537003,1176.449951
2021-08-19,1.000000,6.483200,109.842003,1169.680054
2021-08-20,1.000000,6.493700,109.767998,1175.390015
2021-08-23,1.000000,6.491600,109.839996,1174.239990
2021-08-24,1.000000,6.480000,109.678001,1167.609985
2021-08-25,1.000000,6.469900,109.730003,1163.469971
2021-08-26,1.000000,6.474900,109.975998,1163.329956
2021-08-27,1.000000,6.480500,110.047997,1170.000000
2021-08-30,1.000000,6.470800,109.864998,1161.329956
2021-08-31,1.000000,6.465100,109.944000,1165.510010
2021-09-01,1.000000,6.459600,110.056000,1158.410034
2021-09-02,1.000000,6.459000,110.096001,1155.280029
2021-09-03,1.000000,6.455400,109.945000,1157.130005
2021-09-06,1.000000,6.451900,109.764000,1154.750000
2021-09-07,1.000000,6.456700,109.820000,1155.540039
2021-09-08,1.000000,6.465500,110.295998,1161.000000
2021-09-09,1.000000,6.460700,110.218002,1166.489990
2021-09-10,1.000000,6.454300,109.780998,1169.130005
2021-09-13,1.000000,6.443400,109.915001,1169.380005
2021-09-14,1.000000,6.450800,109.994003,1171.109985
2021-09-15,1.000000,6.438300,109.719002,1170.800049
2021-09-16,1.000000,6.431400,109.383003,1165.219971
2021-09-17,1.000000,6.456600,109.698997,1174.420044
2021-09-20,1.000000,6.465200,109.971001,1181.109985
2021-09-21,1.000000,6.465000,109.436996,1186.319946
2021-09-22,1.000000,6.466000,109.149002,1182.920044
2021-09-23,1.000000,6.460800,109.821999,1181.030029
2021-09-24,1.000000,6.457900,110.325996,1174.699951
2021-09-27,1.000000,6.465700,110.764000,1179.199951
2021-09-28,1.000000,6.456000,110.963997,1176.959961
2021-09-29,1.000000,6.459000,111.528000,1186.890015
2021-09-30,1.000000,6.469600,111.935997,1187.430054
2021-10-01,1.000000,6.445500,111.460999,1183.719971
2021-10-04,1.000000,6.445700,110.946999,1180.000000
2021-10-05,1.000000,6.445200,110.968002,1183.780029
2021-10-06,1.000000,6.445200,111.487000,1187.170044
2021-10-07,1.000000,6.445200,111.413002,1191.380005
2021-10-08,1.000000,6.445200,111.662003,1191.150024
2021-10-11,1.000000,6.442300,112.269997,1195.579956
2021-10-12,1.000000,6.449600,113.388000,1195.800049
2021-10-13,1.000000,6.448000,113.518997,1196.890015
2021-10-14,1.000000,6.426600,113.301003,1186.709961
2021-10-15,1.000000,6.439000,113.834000,1182.130005
2021-10-18,1.000000,6.434800,114.323997,1181.790039
2021-10-19,1.000000,6.428900,114.285004,1185.680054
2021-10-20,1.000000,6.381800,114.542999,1175.650024
2021-10-21,1.000000,6.392900,114.389000,1174.589966
2021-10-22,1.000000,6.391800,113.849998,1176.550049
2021-10-25,1.000000,6.383900,113.664001,1176.540039
2021-10-26,1.000000,6.384700,113.764999,1167.060059
2021-10-27,1.000000,6.381500,114.188004,1167.329956
2021-10-28,1.000000,6.391600,113.776001,1172.170044
2021-10-29,1.000000,6.390400,113.615997,1167.369995
2021-11-01,1.000000,6.404700,114.236000,1174.380005
2021-11-02,1.000000,6.396200,114.094002,1176.569946
2021-11-03,1.000000,6.398900,113.961998,1178.040039
2021-11-04,1.000000,6.406200,114.070000,1179.339966
2021-11-05,1.000000,6.396400,113.836998,1185.829956
2021-11-08,1.000000,6.397900,113.474998,1180.500000
2021-11-09,1.000000,6.391600,113.253998,1199.859985
2021-11-10,1.000000,6.391700,112.912003,1177.500000
2021-11-11,1.000000,6.388100,113.904999,1184.140015
2021-11-12,1.000000,6.389500,114.042999,1183.109985
2021-11-15,1.000000,6.378600,113.981003,1179.109985
2021-11-16,1.000000,6.382100,114.132004,1183.510010
2021-11-17,1.000000,6.391100,114.903999,1184.050049
2021-11-18,1.000000,6.376900,114.190002,1181.229980
2021-11-19,1.000000,6.385000,114.281998,1182.900024
2021-11-22,1.000000,6.386200,114.138000,1191.630005
2021-11-23,1.000000,6.384300,114.790001,1189.500000
2021-11-24,1.000000,6.390800,115.140999,1189.949951
2021-11-25,1.000000,6.391800,115.407997,1187.880005
2021-11-26,1.000000,6.386000,115.069000,1190.219971
2021-11-29,1.000000,6.392000,113.719002,1194.609985
2021-11-30,1.000000,6.387000,113.804001,1190.739990
2021-12-01,1.000000,6.363200,113.299004,1182.859985
2021-12-02,1.000000,6.367300,112.882004,1177.109985
2021-12-03,1.000000,6.375600,113.022003,1176.770020
2021-12-06,1.000000,6.375300,113.042000,1183.140015
2021-12-07,1.000000,6.374800,113.458000,1180.560059
2021-12-08,1.000000,6.366300,113.525002,1176.839966
2021-12-09,1.000000,6.343700,113.683998,1172.560059
2021-12-10,1.000000,6.376500,113.447998,1177.329956
2021-12-13,1.000000,6.360000,113.500999,1178.969971
2021-12-14,1.000000,6.365500,113.577003,1185.099976
2021-12-15,1.000000,6.366500,113.742996,1184.229980
2021-12-16,1.000000,6.366500,114.136002,1184.400024
2021-12-17,1.000000,6.367200,113.663002,1186.150024
2021-12-20,1.000000,6.374000,113.517998,1186.390015
2021-12-21,1.000000,6.374600,113.662003,1190.119995
2021-12-22,1.000000,6.370600,113.994003,1191.270020
2021-12-23,1.000000,6.369100,114.121002,1187.770020
2021-12-24,1.000000,6.368800,114.458000,1185.500000
2021-12-27,1.000000,6.366600,114.333000,1185.920044
2021-12-28,1.000000,6.369800,114.792000,1185.650024
2021-12-29,1.000000,6.367200,114.773003,1187.849976
2021-12-30,1.000000,6.367300,114.947998,1183.670044
2021-12-31,1.000000,6.372100,115.063004,1189.890015
2022-01-03,1.000000,6.354900,115.141998,1187.780029
2022-01-04,1.000000,6.355100,115.328003,1194.680054
2022-01-05,1.000000,6.354300,116.174004,1196.500000
2022-01-06,1.000000,6.354000,116.127998,1199.250000
2022-01-07,1.000000,6.381900,115.864998,1205.780029
2022-01-10,1.000000,6.376200,115.617996,1196.880005
2022-01-11,1.000000,6.373900,115.278000,1198.089966
2022-01-12,1.000000,6.372900,115.331001,1189.430054
2022-01-13,1.000000,6.357600,114.675003,1185.880005
2022-01-14,1.000000,6.358100,114.117996,1186.609985
2022-01-17,1.000000,6.351500,114.306000,1188.959961
2022-01-18,1.000000,6.346700,114.570999,1190.060059
2022-01-19,1.000000,6.352200,114.554001,1192.979980
2022-01-20,1.000000,6.343500,114.347000,1188.160034
2022-01-21,1.000000,6.339500,113.992996,1192.430054
2022-01-24,1.000000,6.337700,113.785004,1191.500000
2022-01-25,1.000000,6.329800,114.011002,1195.660034
2022-01-26,1.000000,6.326500,113.875000,1196.099976
2022-01-27,1.000000,6.319600,114.721001,1200.630005
2022-01-28,1.000000,6.366900,115.351997,1203.459961
2022-01-31,1.000000,6.351000,115.262001,1207.709961
2022-02-01,1.000000,6.359500,115.121002,1205.119995
2022-02-02,1.000000,6.359500,114.736000,1202.500000
2022-02-03,1.000000,6.359500,114.382004,1199.959961
2022-02-04,1.000000,6.359500,114.957001,1200.329956
2022-02-07,1.000000,6.359500,115.223999,1197.089966
2022-02-08,1.000000,6.352300,115.063004,1196.849976
2022-02-09,1.000000,6.365700,115.530998,1196.359985
2022-02-10,1.000000,6.361400,115.601997,1194.030029
2022-02-11,1.000000,6.352600,116.046997,1199.349976
2022-02-14,1.000000,6.353100,115.584000,1199.239990
2022-02-15,1.000000,6.355900,115.536003,1197.359985
2022-02-16,1.000000,6.338000,115.635002,1196.829956
2022-02-17,1.000000,6.335600,115.387001,1196.750000
2022-02-18,1.000000,6.335800,114.865997,1198.660034
2022-02-21,1.000000,6.324200,114.960999,1195.069946
2022-02-22,1.000000,6.334200,114.609001,1194.680054
2022-02-23,1.000000,6.325300,115.096001,1192.680054
2022-02-24,1.000000,6.312300,114.898003,1192.400024
2022-02-25,1.000000,6.326800,115.570999,1206.000000
2022-02-28,1.000000,6.316000,115.584999,1197.589966
2022-03-01,1.000000,6.308400,115.078003,1200.930054
2022-03-02,1.000000,6.311500,114.833000,1205.369995
2022-03-03,1.000000,6.319600,115.518997,1203.150024
2022-03-04,1.000000,6.319200,115.473999,1205.989990
2022-03-07,1.000000,6.316700,114.949997,1216.709961
2022-03-08,1.000000,6.319300,115.373001,1232.300049
2022-03-09,1.000000,6.317600,115.722000,1233.109985
2022-03-10,1.000000,6.316600,115.908997,1223.229980
2022-03-11,1.000000,6.320800,116.179001,1228.599976
2022-03-14,1.000000,6.338700,117.528999,1236.890015
2022-03-15,1.000000,6.364500,118.218002,1242.050049
2022-03-16,1.000000,6.369100,118.292000,1241.680054
2022-03-17,1.000000,6.351200,118.870003,1223.000000
2022-03-18,1.000000,6.345500,118.486000,1210.329956
2022-03-21,1.000000,6.360200,119.263000,1210.369995
2022-03-22,1.000000,6.354500,119.594002,1219.780029
2022-03-23,1.000000,6.365300,121.339996,1214.949951
2022-03-24,1.000000,6.371300,121.126999,1218.010010
2022-03-25,1.000000,6.366300,122.346001,1217.550049
2022-03-28,1.000000,6.365200,122.269997,1224.380005
2022-03-29,1.000000,6.370700,123.660004,1223.660034
2022-03-30,1.000000,6.363100,123.125000,1209.130005
2022-03-31,1.000000,6.346200,122.021004,1210.439941
2022-04-01,1.000000,6.338900,121.755997,1214.500000
2022-04-04,1.000000,6.362100,122.610001,1218.780029
2022-04-05,1.000000,6.362400,122.808998,1213.900024
2022-04-06,1.000000,6.363100,123.655998,1218.750000
2022-04-07,1.000000,6.358500,123.723000,1217.599976
2022-04-08,1.000000,6.359700,124.096001,1222.660034
2022-04-11,1.000000,6.364000,124.385002,1228.239990
2022-04-12,1.000000,6.368700,125.472000,1235.050049
2022-04-13,1.000000,6.365000,125.416000,1228.599976
2022-04-14,1.000000,6.367200,125.376999,1223.119995
2022-04-15,1.000000,6.377400,126.179001,1230.099976
2022-04-18,1.000000,6.370200,126.617996,1228.089966
2022-04-19,1.000000,6.366200,127.098000,1235.349976
2022-04-20,1.000000,6.392400,129.332993,1239.599976
2022-04-21,1.000000,6.417700,128.013000,1234.089966
2022-04-22,1.000000,6.449300,128.408005,1242.489990
2022-04-25,1.000000,6.500300,128.604996,1243.160034
2022-04-26,1.000000,6.557900,127.744003,1249.209961
2022-04-27,1.000000,6.556300,127.265999,1260.709961
2022-04-28,1.000000,6.559500,128.393997,1266.280029
2022-04-29,1.000000,6.625300,130.811005,1272.290039
2022-05-02,1.000000,6.607500,130.011002,1262.530029
2022-05-03,1.000000,6.607500,130.112000,1266.750000
2022-05-04,1.000000,6.607400,130.115997,1261.060059
2022-05-05,1.000000,6.607500,129.223007,1251.500000
2022-05-06,1.000000,6.654600,130.330002,1268.699951
2022-05-09,1.000000,6.665600,130.748993,1270.130005
2022-05-10,1.000000,6.729800,130.376999,1274.859985
2022-05-11,1.000000,6.733600,130.350998,1276.550049
2022-05-12,1.000000,6.720700,129.835007,1278.150024
2022-05-13,1.000000,6.785900,128.587997,1290.750000
2022-05-16,1.000000,6.788000,129.432007,1277.569946
2022-05-17,1.000000,6.785100,128.923004,1279.849976
2022-05-18,1.000000,6.736200,129.453995,1266.660034
2022-05-19,1.000000,6.753400,127.914001,1275.579956
2022-05-20,1.000000,6.712100,127.832001,1263.550049
2022-05-23,1.000000,6.692000,127.903000,1273.209961
2022-05-24,1.000000,6.649800,127.846001,1258.819946
2022-05-25,1.000000,6.653000,126.768997,1260.989990
2022-05-26,1.000000,6.691700,127.152000,1266.599976
2022-05-27,1.000000,6.737800,127.044998,1258.890015
2022-05-30,1.000000,6.697600,127.285004,1251.589966
2022-05-31,1.000000,6.660300,127.783997,1236.170044
2022-06-01,1.000000,6.671700,128.735992,1241.739990
2022-06-02,1.000000,6.685200,130.121994,1246.949951
2022-06-03,1.000000,6.659200,129.917999,1240.839966
2022-06-06,1.000000,6.659300,130.707001,1250.530029
2022-06-07,1.000000,6.652900,132.175995,1254.479980
2022-06-08,1.000000,6.669700,132.847000,1254.579956
2022-06-09,1.000000,6.682700,134.429993,1256.739990
2022-06-10,1.000000,6.690800,134.417999,1264.020020
2022-06-13,1.000000,6.707900,134.813995,1278.280029
2022-06-14,1.000000,6.753500,134.225006,1291.800049
2022-06-15,1.000000,6.739500,135.294006,1289.479980
2022-06-16,1.000000,6.712300,134.115005,1278.160034
2022-06-17,1.000000,6.703400,132.421005,1288.180054
2022-06-20,1.000000,6.715700,135.276001,1290.500000
2022-06-21,1.000000,6.691400,135.087006,1292.380005
2022-06-22,1.000000,6.688400,136.268997,1291.599976
2022-06-23,1.000000,6.701100,136.024002,1297.680054
2022-06-24,1.000000,6.697300,134.839996,1299.810059
2022-06-27,1.000000,6.688800,135.061996,1288.290039
2022-06-28,1.000000,6.690700,135.434998,1286.199951
2022-06-29,1.000000,6.707300,136.046997,1292.030029
2022-06-30,1.000000,6.699800,136.589005,1301.729980
2022-07-01,1.000000,6.698200,135.785995,1287.709961
2022-07-04,1.000000,6.700500,135.042999,1297.890015
2022-07-05,1.000000,6.698600,135.839996,1295.680054
2022-07-06,1.000000,6.718800,135.520996,1308.660034
2022-07-07,1.000000,6.706500,135.966003,1304.849976
2022-07-08,1.000000,6.700500,135.912994,1297.650024
2022-07-11,1.000000,6.694300,136.300995,1293.790039
2022-07-12,1.000000,6.717200,137.388000,1310.859985
2022-07-13,1.000000,6.723300,136.725998,1305.829956
2022-07-14,1.000000,6.717600,137.628006,1304.849976
2022-07-15,1.000000,6.755200,138.966995,1316.180054
2022-07-18,1.000000,6.756500,138.313995,1318.119995
2022-07-19,1.000000,6.742300,138.229004,1318.910034
2022-07-20,1.000000,6.743700,138.190994,1305.500000
2022-07-21,1.000000,6.754900,138.395004,1312.869995
2022-07-22,1.000000,6.765600,137.098007,1306.849976
2022-07-25,1.000000,6.750500,136.311996,1309.319946
2022-07-26,1.000000,6.749500,136.431000,1310.400024
2022-07-27,1.000000,6.762300,136.970001,1310.900024
2022-07-28,1.000000,6.757400,136.110992,1305.949951
2022-07-29,1.000000,6.745800,134.397003,1295.150024
2022-08-01,1.000000,6.743200,133.406998,1302.280029
2022-08-02,1.000000,6.767700,131.572006,1306.750000
2022-08-03,1.000000,6.751800,133.378998,1314.630005
2022-08-04,1.000000,6.757000,133.962006,1307.380005
2022-08-05,1.000000,6.747800,132.621002,1302.079956
2022-08-08,1.000000,6.760900,135.057007,1302.739990
2022-08-09,1.000000,6.749900,134.839996,1299.030029
2022-08-10,1.000000,6.751700,135.186996,1307.560059
2022-08-11,1.000000,6.722800,132.830002,1296.699951
2022-08-12,1.000000,6.743600,132.994003,1306.829956
2022-08-15,1.000000,6.741800,133.287994,1301.380005
2022-08-16,1.000000,6.772000,133.143005,1313.180054
2022-08-17,1.000000,6.787400,134.276993,1311.000000
2022-08-18,1.000000,6.779900,134.944000,1314.829956
2022-08-19,1.000000,6.784600,135.794998,1326.910034
2022-08-22,1.000000,6.815700,137.041000,1334.859985
2022-08-23,1.000000,6.847900,137.546005,1343.359985
2022-08-24,1.000000,6.833600,136.733002,1339.079956
2022-08-25,1.000000,6.858500,137.080994,1340.000000
2022-08-26,1.000000,6.848300,136.563004,1334.439941
2022-08-29,1.000000,6.870800,137.520004,1341.180054
2022-08-30,1.000000,6.907000,138.595993,1345.729980
2022-08-31,1.000000,6.910800,138.733994,1350.189941
2022-09-01,1.000000,6.888900,139.296005,1342.260010
2022-09-02,1.000000,6.905500,140.080994,1355.099976
2022-09-05,1.000000,6.899000,140.487000,1361.510010
2022-09-06,1.000000,6.933100,140.429993,1361.810059
2022-09-07,1.000000,6.953100,143.151001,1378.109985
2022-09-08,1.000000,6.965300,144.128006,1374.310059
2022-09-09,1.000000,6.956500,143.856003,1383.000000
2022-09-12,1.000000,6.925500,142.595993,1379.060059
2022-09-13,1.000000,6.925000,142.585007,1375.810059
2022-09-14,1.000000,6.924100,144.404007,1393.469971
2022-09-15,1.000000,6.961000,142.923004,1391.180054
2022-09-16,1.000000,6.993000,143.365005,1398.630005
2022-09-19,1.000000,6.979000,142.764999,1385.229980
2022-09-20,1.000000,7.005600,143.223007,1390.109985
2022-09-21,1.000000,7.017200,143.602005,1392.510010
2022-09-22,1.000000,7.047900,144.315994,1397.560059
2022-09-23,1.000000,7.076600,142.279999,1403.660034
2022-09-26,1.000000,7.127400,143.511002,1421.810059
2022-09-27,1.000000,7.148000,144.459000,1429.770020
2022-09-28,1.000000,7.176800,144.690994,1426.260010
2022-09-29,1.000000,7.199000,144.397995,1421.949951
2022-09-30,1.000000,7.123900,144.431000,1430.170044
2022-10-03,1.000000,7.115000,144.815994,1439.229980
2022-10-04,1.000000,7.114900,144.518997,1433.339966
2022-10-05,1.000000,7.115000,143.787003,1416.530029
2022-10-06,1.000000,7.115000,144.449005,1416.760010
2022-10-07,1.000000,7.115000,145.039001,1408.449951
2022-10-10,1.000000,7.115000,145.481995,1415.979980
2022-10-11,1.000000,7.153600,145.673996,1428.349976
2022-10-12,1.000000,7.164400,145.869995,1430.800049
2022-10-13,1.000000,7.174100,146.737000,1423.900024
2022-10-14,1.000000,7.169500,147.292999,1430.300049
2022-10-17,1.000000,7.190000,148.632004,1440.760010
2022-10-18,1.000000,7.195500,148.970993,1430.150024
2022-10-19,1.000000,7.200600,149.209000,1425.020020
2022-10-20,1.000000,7.227300,149.820999,1435.010010
2022-10-21,1.000000,7.215800,150.175995,1430.310059
2022-10-24,1.000000,7.242800,147.819000,1428.109985
2022-10-25,1.000000,7.261900,148.886993,1443.959961
2022-10-26,1.000000,7.303800,147.979996,1426.930054
2022-10-27,1.000000,7.171900,146.134003,1412.689941
2022-10-28,1.000000,7.227900,146.274002,1420.650024
2022-10-31,1.000000,7.251400,147.811996,1421.650024
2022-11-01,1.000000,7.301800,148.737000,1424.670044
2022-11-02,1.000000,7.276600,147.914993,1416.599976
2022-11-03,1.000000,7.288700,147.891998,1423.099976
2022-11-04,1.000000,7.300800,148.393005,1423.650024
2022-11-07,1.000000,7.175100,146.841003,1402.109985
2022-11-08,1.000000,7.228800,146.623993,1392.699951
2022-11-09,1.000000,7.248200,145.294998,1374.150024
2022-11-10,1.000000,7.240800,146.209000,1370.550049
2022-11-11,1.000000,7.185900,141.733994,1349.369995
2022-11-14,1.000000,7.107100,139.552994,1313.030029
2022-11-15,1.000000,7.072900,140.115005,1324.079956
2022-11-16,1.000000,7.043000,138.964996,1316.260010
2022-11-17,1.000000,7.087200,139.322006,1336.430054
2022-11-18,1.000000,7.156200,140.412003,1342.750000
2022-11-21,1.000000,7.118900,140.253006,1339.030029
2022-11-22,1.000000,7.164200,142.098007,1359.750000
2022-11-23,1.000000,7.139300,141.154999,1352.689941
2022-11-24,1.000000,7.165800,139.278000,1336.810059
2022-11-25,1.000000,7.150300,138.602997,1317.890015
2022-11-28,1.000000,7.170500,139.100006,1334.560059
2022-11-29,1.000000,7.207100,138.718994,1340.119995
2022-11-30,1.000000,7.159400,138.744995,1325.369995
2022-12-01,1.000000,7.076200,137.358994,1279.800049
2022-12-02,1.000000,7.043700,135.149994,1303.250000
2022-12-05,1.000000,7.023900,134.475006,1299.170044
2022-12-06,1.000000,6.960900,136.651993,1304.369995
2022-12-07,1.000000,6.994900,136.886002,1319.709961
2022-12-08,1.000000,6.972600,136.380997,1314.099976
2022-12-09,1.000000,6.966300,136.613998,1316.630005
2022-12-12,1.000000,6.956600,136.712006,1303.170044
2022-12-13,1.000000,6.976500,137.503998,1305.920044
2022-12-14,1.000000,6.943400,135.584000,1288.979980
2022-12-15,1.000000,6.949900,135.348007,1295.680054
2022-12-16,1.000000,6.972200,137.751007,1317.099976
2022-12-19,1.000000,6.972100,136.690002,1308.859985
2022-12-20,1.000000,6.978600,136.994995,1301.329956
2022-12-21,1.000000,6.960800,131.891998,1283.640015
2022-12-22,1.000000,6.980600,132.369995,1280.770020
2022-12-23,1.000000,6.983000,132.356995,1290.199951
2022-12-26,1.000000,6.988700,132.789993,1279.239990
2022-12-27,1.000000,6.961200,132.764008,1275.130005
2022-12-28,1.000000,6.959000,133.485992,1272.280029
2022-12-29,1.000000,6.977600,134.033997,1274.319946
2022-12-30,1.000000,6.963100,132.916000,1260.260010
2023-01-02,1.000000,6.896900,130.845001,1260.910034
2023-01-03,1.000000,6.897100,130.794006,1270.099976
2023-01-04,1.000000,6.914100,131.248001,1279.079956
2023-01-05,1.000000,6.887800,132.246002,1271.079956
2023-01-06,1.000000,6.881500,133.307007,1274.180054
2023-01-09,1.000000,6.837400,131.862000,1252.880005
2023-01-10,1.000000,6.771000,131.729004,1239.280029
2023-01-11,1.000000,6.777400,132.100998,1240.160034
2023-01-12,1.000000,6.769000,131.901993,1241.599976
2023-01-13,1.000000,6.737800,129.171997,1239.130005
2023-01-16,1.000000,6.701800,128.026001,1236.589966
2023-01-17,1.000000,6.732500,128.320999,1240.709961
2023-01-18,1.000000,6.772400,128.281006,1237.000000
2023-01-19,1.000000,6.747100,128.539001,1237.880005
2023-01-20,1.000000,6.775800,128.369995,1232.180054
2023-01-23,1.000000,6.782600,129.354004,1230.030029
2023-01-24,1.000000,6.783000,130.597000,1229.280029
2023-01-25,1.000000,6.783500,130.238998,1232.660034
2023-01-26,1.000000,6.782900,129.237000,1232.589966
2023-01-27,1.000000,6.782500,129.800003,1231.849976
2023-01-30,1.000000,6.782400,129.854004,1228.949951
2023-01-31,1.000000,6.747800,130.479004,1231.500000
2023-02-01,1.000000,6.753600,130.110001,1232.150024
2023-02-02,1.000000,6.740800,128.621994,1221.949951
2023-02-03,1.000000,6.731500,128.746002,1224.900024
2023-02-06,1.000000,6.774200,132.009003,1246.750000
2023-02-07,1.000000,6.794000,132.623001,1261.229980
2023-02-08,1.000000,6.791200,131.042007,1255.349976
2023-02-09,1.000000,6.788200,131.386993,1260.469971
2023-02-10,1.000000,6.779700,131.518997,1264.550049
2023-02-13,1.000000,6.808300,131.550995,1266.869995
2023-02-14,1.000000,6.821900,132.337006,1272.939941
2023-02-15,1.000000,6.825900,132.990997,1272.250000
2023-02-16,1.000000,6.851900,133.903000,1283.719971
2023-02-17,1.000000,6.859700,134.074005,1288.959961
2023-02-20,1.000000,6.857600,134.307007,1293.920044
2023-02-21,1.000000,6.854100,134.335999,1296.109985
2023-02-22,1.000000,6.872500,134.975998,1305.829956
2023-02-23,1.000000,6.891300,134.932007,1302.829956
2023-02-24,1.000000,6.907000,134.628006,1298.079956
2023-02-27,1.000000,6.955000,136.395004,1313.699951
2023-02-28,1.000000,6.943900,136.317001,1318.349976
2023-03-01,1.000000,6.932300,136.348007,1321.599976
2023-03-02,1.000000,6.868000,136.194000,1305.729980
2023-03-03,1.000000,6.913800,136.705002,1311.060059
2023-03-06,1.000000,6.906800,135.860001,1294.780029
2023-03-07,1.000000,6.929400,135.998993,1299.000000
2023-03-08,1.000000,6.961400,137.391006,1317.900024
2023-03-09,1.000000,6.950300,137.225998,1316.449951
2023-03-10,1.000000,6.963600,136.395004,1325.550049
2023-03-13,1.000000,6.905200,134.979996,1319.540039
2023-03-14,1.000000,6.844600,133.113998,1296.380005
2023-03-15,1.000000,6.870500,134.397003,1304.579956
2023-03-16,1.000000,6.905900,132.929001,1311.739990
2023-03-17,1.000000,6.897500,133.367996,1301.619995
2023-03-20,1.000000,6.886100,132.283997,1307.650024
2023-03-21,1.000000,6.877700,131.391998,1304.939941
2023-03-22,1.000000,6.883000,132.348007,1303.439941
2023-03-23,1.000000,6.879200,131.179001,1298.250000
2023-03-24,1.000000,6.818400,130.865005,1286.290039
2023-03-27,1.000000,6.867000,130.845993,1294.829956
2023-03-28,1.000000,6.884400,131.233002,1297.800049
2023-03-29,1.000000,6.873300,131.046005,1296.979980
2023-03-30,1.000000,6.885600,132.576004,1307.130005
2023-03-31,1.000000,6.870400,133.201004,1296.500000
2023-04-03,1.000000,6.868000,133.347000,1305.479980
2023-04-04,1.000000,6.877300,132.298996,1308.050049
2023-04-05,1.000000,6.878800,131.485001,1312.410034
2023-04-06,1.000000,6.878500,130.934006,1316.209961
2023-04-07,1.000000,6.874900,131.669006,1317.939941
2023-04-10,1.000000,6.869300,132.097000,1315.449951
2023-04-11,1.000000,6.881100,133.468994,1320.880005
2023-04-12,1.000000,6.885500,133.593994,1322.089966
2023-04-13,1.000000,6.873700,133.085007,1322.829956
2023-04-14,1.000000,6.867800,132.487000,1301.430054
2023-04-17,1.000000,6.870400,133.970993,1303.380005
2023-04-18,1.000000,6.878800,134.425003,1316.069946
2023-04-19,1.000000,6.874900,134.044006,1315.900024
2023-04-20,1.000000,6.885100,134.703995,1326.760010
2023-04-21,1.000000,6.872100,133.996002,1323.599976
2023-04-24,1.000000,6.892500,133.960999,1329.380005
2023-04-25,1.000000,6.894900,134.084000,1332.800049
2023-04-26,1.000000,6.931600,133.710999,1341.000000
2023-04-27,1.000000,6.925800,133.464996,1337.829956
2023-04-28,1.000000,6.922300,133.802002,1339.390015
2023-05-01,1.000000,6.911100,136.386002,1337.170044
2023-05-02,1.000000,6.911000,137.520996,1342.790039
2023-05-03,1.000000,6.910600,136.466003,1342.300049
2023-05-04,1.000000,6.910600,134.544006,1335.229980
2023-05-05,1.000000,6.905700,134.179001,1320.150024
2023-05-08,1.000000,6.909500,135.199005,1316.959961
2023-05-09,1.000000,6.911500,135.072998,1322.410034
2023-05-10,1.000000,6.919400,135.287994,1326.050049
2023-05-11,1.000000,6.932200,134.087006,1318.050049
2023-05-12,1.000000,6.947700,134.498001,1329.880005
2023-05-15,1.000000,6.957300,135.822006,1341.520020
2023-05-16,1.000000,6.951600,136.044998,1335.400024
2023-05-17,1.000000,6.976600,136.429993,1342.430054
2023-05-18,1.000000,6.997100,137.613998,1334.150024
2023-05-19,1.000000,7.035100,138.619995,1334.739990
2023-05-22,1.000000,7.006900,137.692001,1324.209961
2023-05-23,1.000000,7.030900,138.671997,1313.829956
2023-05-24,1.000000,7.056400,138.598007,1319.839966
2023-05-25,1.000000,7.059800,139.283005,1318.520020
2023-05-26,1.000000,7.077400,140.016998,1330.890015
2023-05-29,1.000000,7.054800,140.871002,1322.430054
2023-05-30,1.000000,7.072300,140.440994,1324.589966
2023-05-31,1.000000,7.079000,139.792007,1319.790039
2023-06-01,1.000000,7.110800,139.126999,1321.739990
2023-06-02,1.000000,7.093000,138.748001,1312.849976
2023-06-05,1.000000,7.083800,140.207001,1305.140015
2023-06-06,1.000000,7.105000,139.382996,1299.790039
2023-06-07,1.000000,7.118800,139.526993,1299.199951
2023-06-08,1.000000,7.128800,139.899002,1308.339966
2023-06-09,1.000000,7.111200,138.863007,1296.329956
2023-06-12,1.000000,7.127600,139.371002,1286.689941
2023-06-13,1.000000,7.144600,139.460007,1284.579956
2023-06-14,1.000000,7.166500,140.177002,1267.619995
2023-06-15,1.000000,7.162600,139.977005,1273.989990
2023-06-16,1.000000,7.119900,140.268005,1270.050049
2023-06-19,1.000000,7.125600,141.867004,1276.310059
2023-06-20,1.000000,7.160400,141.899002,1283.239990
2023-06-21,1.000000,7.180800,141.335007,1287.540039
2023-06-22,1.000000,7.178400,141.688004,1288.380005
2023-06-23,1.000000,7.178500,143.029999,1298.209961
2023-06-26,1.000000,7.178500,143.541000,1307.670044
2023-06-27,1.000000,7.236500,143.460007,1302.660034
2023-06-28,1.000000,7.218700,143.882004,1296.599976
2023-06-29,1.000000,7.243400,144.389008,1309.010010
2023-06-30,1.000000,7.251800,144.779999,1323.069946
2023-07-03,1.000000,7.242400,144.397995,1315.300049
2023-07-04,1.000000,7.239800,144.584000,1306.099976
2023-07-05,1.000000,7.213500,144.406006,1295.500000
2023-07-06,1.000000,7.246400,144.488998,1302.969971
2023-07-07,1.000000,7.249200,143.951004,1309.219971
2023-07-10,1.000000,7.211300,142.209000,1297.369995
2023-07-11,1.000000,7.230600,141.296997,1299.540039
2023-07-12,1.000000,7.209200,140.117996,1291.510010
2023-07-13,1.000000,7.165300,138.315002,1274.699951
2023-07-14,1.000000,7.150000,138.074997,1266.829956
2023-07-17,1.000000,7.140300,138.682007,1268.339966
2023-07-18,1.000000,7.170600,138.729004,1265.449951
2023-07-19,1.000000,7.179300,139.026993,1264.939941
2023-07-20,1.000000,7.225900,139.598007,1265.089966
2023-07-21,1.000000,7.176500,139.863998,1278.400024
2023-07-24,1.000000,7.177900,141.750000,1285.650024
2023-07-25,1.000000,7.185300,141.522003,1280.530029
2023-07-26,1.000000,7.135400,140.912994,1274.119995
2023-07-27,1.000000,7.150000,140.367004,1275.170044
2023-07-28,1.000000,7.173100,138.863998,1283.880005
2023-07-31,1.000000,7.102800,140.757996,1272.390015
2023-08-01,1.000000,7.095700,142.322998,1277.930054
2023-08-02,1.000000,7.176500,142.970001,1289.050049
2023-08-03,1.000000,7.190400,143.343994,1295.369995
2023-08-04,1.000000,7.162800,142.598007,1296.400024
2023-08-07,1.000000,7.131200,141.876007,1303.050049
2023-08-08,1.000000,7.192300,142.524002,1307.750000
2023-08-09,1.000000,7.215700,143.278000,1316.670044
2023-08-10,1.000000,7.208600,143.727005,1313.640015
2023-08-11,1.000000,7.214700,144.854004,1318.329956
2023-08-14,1.000000,7.192300,144.817001,1329.609985
2023-08-15,1.000000,7.257300,145.436996,1334.739990
2023-08-16,1.000000,7.281500,145.608002,1338.739990
2023-08-17,1.000000,7.297000,146.332993,1343.329956
2023-08-18,1.000000,7.280400,145.714005,1339.079956
2023-08-21,1.000000,7.280700,145.304993,1339.170044
2023-08-22,1.000000,7.198000,146.238007,1339.739990
2023-08-23,1.000000,7.292400,145.763000,1339.689941
2023-08-24,1.000000,7.170500,144.673004,1327.780029
2023-08-25,1.000000,7.276500,146.067001,1326.619995
2023-08-28,1.000000,7.289000,146.531006,1323.609985
2023-08-29,1.000000,7.289100,146.464005,1322.819946
2023-08-30,1.000000,7.279400,145.988007,1321.069946
2023-08-31,1.000000,7.283600,146.098999,1323.030029
2023-09-01,1.000000,7.256900,145.473007,1324.640015
2023-09-04,1.000000,7.140100,146.057007,1317.459961
2023-09-05,1.000000,7.271900,146.542999,1317.949951
2023-09-06,1.000000,7.303400,147.470993,1331.729980
2023-09-07,1.000000,7.315900,147.709000,1333.459961
2023-09-08,1.000000,7.327800,147.330994,1334.020020
2023-09-11,1.000000,7.232400,147.113007,1335.319946
2023-09-12,1.000000,7.288000,146.677994,1320.439941
2023-09-13,1.000000,7.290900,147.158005,1324.099976
2023-09-14,1.000000,7.268800,147.345993,1329.770020
2023-09-15,1.000000,7.275900,147.481995,1327.060059
2023-09-18,1.000000,7.273900,147.867996,1328.420044
2023-09-19,1.000000,7.290600,147.604996,1329.660034
2023-09-20,1.000000,7.295600,147.742004,1328.530029
2023-09-21,1.000000,7.286000,148.320999,1332.339966
2023-09-22,1.000000,7.306500,147.643997,1341.170044
2023-09-25,1.000000,7.297500,148.434006,1334.660034
2023-09-26,1.000000,7.309900,148.811005,1338.449951
2023-09-27,1.000000,7.310700,149.044998,1353.750000
2023-09-28,1.000000,7.308100,149.498001,1352.819946
2023-09-29,1.000000,7.299900,149.337006,1347.849976
2023-10-02,1.000000,7.163600,149.539993,1351.939941
2023-10-03,1.000000,7.179900,149.850998,1354.189941
2023-10-04,1.000000,7.194300,149.192001,1359.219971
2023-10-05,1.000000,7.200300,148.966003,1351.160034
2023-10-06,1.000000,7.197700,148.462997,1346.060059
2023-10-09,1.000000,7.300500,149.160004,1343.359985
2023-10-10,1.000000,7.290400,148.326996,1346.890015
2023-10-11,1.000000,7.295000,148.628006,1341.890015
2023-10-12,1.000000,7.298700,149.035995,1338.260010
2023-10-13,1.000000,7.301500,149.789993,1348.339966
2023-10-16,1.000000,7.168100,149.565994,1352.069946
2023-10-17,1.000000,7.309300,149.578003,1347.760010
2023-10-18,1.000000,7.311700,149.759003,1352.989990
2023-10-19,1.000000,7.313500,149.742004,1354.560059
2023-10-20,1.000000,7.311200,149.802002,1356.229980
2023-10-23,1.000000,7.315400,149.880005,1349.339966
2023-10-24,1.000000,7.314100,149.768997,1334.439941
2023-10-25,1.000000,7.309000,149.854004,1343.640015
2023-10-26,1.000000,7.315700,150.098007,1352.680054
2023-10-27,1.000000,7.314900,150.365997,1350.339966
2023-10-30,1.000000,7.158700,149.733002,1355.219971
2023-10-31,1.000000,7.312100,149.110992,1348.069946
2023-11-01,1.000000,7.315500,151.294006,1350.160034
2023-11-02,1.000000,7.315900,150.574997,1347.839966
2023-11-03,1.000000,7.314100,150.496994,1333.680054
2023-11-06,1.000000,7.298500,149.449005,1307.839966
2023-11-07,1.000000,7.268600,149.988998,1297.109985
2023-11-08,1.000000,7.278100,150.395996,1304.550049
2023-11-09,1.000000,7.279300,150.863998,1308.119995
2023-11-10,1.000000,7.282300,151.348999,1315.199951
2023-11-13,1.000000,7.181800,151.468994,1319.619995
2023-11-14,1.000000,7.289000,151.645996,1319.069946
2023-11-15,1.000000,7.252100,150.485001,1304.239990
2023-11-16,1.000000,7.245800,151.214996,1301.859985
2023-11-17,1.000000,7.241000,150.705002,1292.449951
2023-11-20,1.000000,7.209700,149.942001,1294.500000
2023-11-21,1.000000,7.167500,148.362000,1288.150024
2023-11-22,1.000000,7.086900,148.151993,1295.189941
2023-11-23,1.000000,7.154200,149.460007,1298.790039
2023-11-24,1.000000,7.085800,149.634995,1300.180054
2023-11-27,1.000000,7.081900,149.570999,1289.790039
2023-11-28,1.000000,7.130300,148.451996,1302.530029
2023-11-29,1.000000,7.063800,147.063004,1287.530029
2023-11-30,1.000000,7.078900,147.039001,1288.359985
2023-12-01,1.000000,7.075400,147.998993,1296.660034
2023-12-04,1.000000,7.061800,146.393005,1299.189941
2023-12-05,1.000000,7.135200,147.326996,1307.800049
2023-12-06,1.000000,7.145600,147.184998,1313.369995
2023-12-07,1.000000,7.144600,147.184006,1313.719971
2023-12-08,1.000000,7.148800,144.278000,1312.760010
2023-12-11,1.000000,7.126600,144.983002,1316.510010
2023-12-12,1.000000,7.174200,146.085007,1313.619995
2023-12-13,1.000000,7.176000,145.279999,1310.140015
2023-12-14,1.000000,7.171700,142.772995,1292.010010
2023-12-15,1.000000,7.067000,142.279007,1291.920044
2023-12-18,1.000000,7.070500,142.313004,1276.469971
2023-12-19,1.000000,7.132000,142.722000,1302.930054
2023-12-20,1.000000,7.067600,143.889008,1297.760010
2023-12-21,1.000000,7.134100,143.522995,1296.979980
2023-12-22,1.000000,7.138500,142.070007,1291.709961
2023-12-25,1.000000,7.083300,142.341995,1297.359985
2023-12-26,1.000000,7.135500,142.229996,1294.579956
2023-12-27,1.000000,7.142400,142.460999,1293.920044
2023-12-28,1.000000,7.140200,141.399002,1294.760010
2023-12-29,1.000000,7.107000,141.429993,1277.839966
2024-01-01,1.000000,7.068600,140.951996,1293.530029
2024-01-02,1.000000,7.068600,141.126007,1293.540039
2024-01-03,1.000000,7.089600,142.154999,1307.619995
2024-01-04,1.000000,7.098900,142.998993,1309.530029
2024-01-05,1.000000,7.110000,144.764999,1311.250000
2024-01-08,1.000000,7.092500,144.716003,1313.130005
2024-01-09,1.000000,7.090000,144.229996,1311.800049
2024-01-10,1.000000,7.101600,144.427994,1319.790039
2024-01-11,1.000000,7.170400,145.733994,1317.500000
2024-01-12,1.000000,7.103100,145.046005,1311.989990
2024-01-15,1.000000,7.100600,145.149002,1312.849976
2024-01-16,1.000000,7.097000,145.794006,1319.709961
2024-01-17,1.000000,7.116500,147.246002,1337.790039
2024-01-18,1.000000,7.114500,148.117996,1344.050049
2024-01-19,1.000000,7.115000,148.128006,1337.660034
2024-01-22,1.000000,7.107100,148.121002,1333.209961
2024-01-23,1.000000,7.192700,148.141998,1338.739990
2024-01-24,1.000000,7.077600,148.251007,1336.780029
2024-01-25,1.000000,7.082000,147.591003,1329.890015
2024-01-26,1.000000,7.081100,147.723007,1336.030029
2024-01-29,1.000000,7.086600,148.139999,1336.760010
2024-01-30,1.000000,7.084500,147.468002,1333.209961
2024-01-31,1.000000,7.094100,147.369003,1326.619995
2024-02-01,1.000000,7.100700,146.996002,1333.910034
2024-02-02,1.000000,7.088500,146.451004,1328.949951
2024-02-05,1.000000,7.112600,148.501007,1337.729980
2024-02-06,1.000000,7.108500,148.639999,1333.390015
2024-02-07,1.000000,7.100100,147.817993,1326.790039
2024-02-08,1.000000,7.101100,148.085999,1327.619995
2024-02-09,1.000000,7.107000,149.259003,1331.469971
2024-02-12,1.000000,7.179000,149.167007,1330.060059
2024-02-13,1.000000,7.192200,149.404999,1328.500000
2024-02-14,1.000000,7.188700,150.723999,1340.790039
2024-02-15,1.000000,7.175900,150.544006,1326.000000
2024-02-16,1.000000,7.163900,149.945999,1327.660034
2024-02-19,1.000000,7.118600,150.091003,1331.579956
2024-02-20,1.000000,7.197200,150.270004,1333.339966
2024-02-21,1.000000,7.189700,149.938995,1333.750000
2024-02-22,1.000000,7.188100,150.354996,1332.869995
2024-02-23,1.000000,7.193300,150.483002,1327.170044
2024-02-26,1.000000,7.194400,150.498001,1330.000000
2024-02-27,1.000000,7.196300,150.565994,1331.719971
2024-02-28,1.000000,7.197400,150.494995,1331.790039
2024-02-29,1.000000,7.196000,150.656006,1333.380005
2024-03-01,1.000000,7.187200,150.095001,1335.199951
2024-03-04,1.000000,7.195800,150.104996,1330.900024
2024-03-05,1.000000,7.198900,150.466003,1328.939941
2024-03-06,1.000000,7.196000,150.048996,1333.430054
2024-03-07,1.000000,7.195900,149.268997,1327.089966
2024-03-08,1.000000,7.192300,147.867996,1321.180054
2024-03-11,1.000000,7.185200,146.774002,1315.979980
2024-03-12,1.000000,7.183800,146.731995,1310.540039
2024-03-13,1.000000,7.181000,147.619003,1311.150024
2024-03-14,1.000000,7.186600,147.621002,1313.650024
2024-03-15,1.000000,7.192200,148.296005,1321.920044
2024-03-18,1.000000,7.195000,148.955002,1329.339966
2024-03-19,1.000000,7.197200,149.143997,1336.089966
2024-03-20,1.000000,7.198000,151.035004,1337.020020
2024-03-21,1.000000,7.197600,150.759995,1330.109985
2024-03-22,1.000000,7.198200,151.632996,1334.680054
2024-03-25,1.000000,7.228100,151.304993,1343.599976
2024-03-26,1.000000,7.208400,151.373001,1339.130005
2024-03-27,1.000000,7.217700,151.529999,1343.060059
2024-03-28,1.000000,7.225800,151.287003,1349.800049
2024-03-29,1.000000,7.226500,151.440002,1349.800049
2024-04-01,1.000000,7.220300,151.397995,1345.310059
2024-04-02,1.000000,7.229700,151.580994,1355.530029
2024-04-03,1.000000,7.232400,151.539993,1350.729980
2024-04-04,1.000000,7.234400,151.580994,1344.839966
2024-04-05,1.000000,7.233900,151.292007,1351.359985
2024-04-08,1.000000,7.231400,151.690002,1350.270020
2024-04-09,1.000000,7.229700,151.843002,1354.219971
2024-04-10,1.000000,7.230700,151.776993,1348.540039
2024-04-11,1.000000,7.231500,152.964005,1363.760010
2024-04-12,1.000000,7.235900,153.192001,1367.839966
2024-04-15,1.000000,7.235600,153.283005,1379.609985
2024-04-16,1.000000,7.237000,154.205994,1387.670044
2024-04-17,1.000000,7.236200,154.697998,1387.339966
2024-04-18,1.000000,7.237400,154.341995,1379.540039
2024-04-19,1.000000,7.236700,154.610001,1379.400024
2024-04-22,1.000000,7.239400,154.639999,1373.930054
2024-04-23,1.000000,7.242500,154.813004,1378.839966
2024-04-24,1.000000,7.244500,154.744003,1370.479980
2024-04-25,1.000000,7.244200,155.259003,1376.969971
2024-04-26,1.000000,7.238600,155.597000,1371.699951
2024-04-29,1.000000,7.244600,158.223999,1377.089966
2024-04-30,1.000000,7.237700,156.313995,1374.640015
2024-05-01,1.000000,7.240700,157.722000,1385.459961
2024-05-02,1.000000,7.239900,155.703995,1375.000000
2024-05-03,1.000000,7.238400,153.044998,1364.640015
2024-05-06,1.000000,7.236200,153.565994,1355.050049
2024-05-07,1.000000,7.208000,154.237000,1352.170044
2024-05-08,1.000000,7.218400,154.748001,1357.729980
2024-05-09,1.000000,7.223800,155.419006,1361.939941
2024-05-10,1.000000,7.218700,155.389008,1365.400024
2024-05-13,1.000000,7.225800,155.817993,1370.109985
2024-05-14,1.000000,7.232300,156.233002,1363.790039
2024-05-15,1.000000,7.232300,156.498001,1362.550049
2024-05-16,1.000000,7.217700,154.281998,1353.599976
2024-05-17,1.000000,7.217000,155.378998,1346.040039
2024-05-20,1.000000,7.222700,155.753998,1353.390015
2024-05-21,1.000000,7.231700,156.369995,1360.160034
2024-05-22,1.000000,7.237600,156.251007,1363.420044
2024-05-23,1.000000,7.240300,156.703995,1365.810059
2024-05-24,1.000000,7.241500,156.973007,1367.619995
2024-05-27,1.000000,7.241500,156.869995,1365.709961
2024-05-28,1.000000,7.241500,156.845001,1360.930054
2024-05-29,1.000000,7.245000,157.261993,1362.760010
2024-05-30,1.000000,7.249400,157.608002,1370.550049
2024-05-31,1.000000,7.233500,156.953003,1375.619995
2024-06-03,1.000000,7.241000,157.179993,1382.099976
2024-06-04,1.000000,7.242000,156.076004,1370.790039
2024-06-05,1.000000,7.242000,155.123993,1373.719971
2024-06-06,1.000000,7.246700,155.929001,1368.739990
2024-06-07,1.000000,7.244100,155.697006,1365.250000
2024-06-10,1.000000,7.246800,156.832993,1379.050049
2024-06-11,1.000000,7.246800,157.039993,1373.959961
2024-06-12,1.000000,7.246700,157.104996,1377.359985
2024-06-13,1.000000,7.238100,156.800003,1370.410034
2024-06-14,1.000000,7.251600,157.128006,1373.739990
2024-06-17,1.000000,7.254300,157.546005,1382.280029
2024-06-18,1.000000,7.255000,157.699997,1379.060059
2024-06-19,1.000000,7.252700,157.871002,1378.609985
2024-06-20,1.000000,7.256300,157.957993,1381.150024
2024-06-21,1.000000,7.259100,158.931000,1391.819946
2024-06-24,1.000000,7.259200,159.860992,1388.390015
2024-06-25,1.000000,7.257700,159.686005,1386.109985
2024-06-26,1.000000,7.261400,159.686005,1390.890015
2024-06-27,1.000000,7.263500,160.621002,1393.380005
2024-06-28,1.000000,7.267200,160.686996,1386.949951
2024-07-01,1.000000,7.265800,160.906998,1380.290039
2024-07-02,1.000000,7.266900,161.511993,1383.420044
2024-07-03,1.000000,7.269400,161.503998,1383.420044
2024-07-04,1.000000,7.268600,161.621002,1385.770020
2024-07-05,1.000000,7.265800,161.358002,1380.250000
2024-07-08,1.000000,7.267800,160.638000,1376.569946
2024-07-09,1.000000,7.267100,160.856995,1382.750000
2024-07-10,1.000000,7.271700,161.330994,1382.420044
2024-07-11,1.000000,7.274500,161.606995,1382.989990
2024-07-12,1.000000,7.254800,158.201004,1371.270020
2024-07-15,1.000000,7.249400,158.313004,1374.109985
2024-07-16,1.000000,7.258900,158.141006,1383.689941
2024-07-17,1.000000,7.260600,158.350006,1382.640015
2024-07-18,1.000000,7.259400,155.686005,1378.650024
2024-07-19,1.000000,7.258900,157.149994,1385.239990
2024-07-22,1.000000,7.269000,157.421997,1388.810059
2024-07-23,1.000000,7.272700,156.891006,1387.099976
2024-07-24,1.000000,7.274300,155.768005,1384.569946
2024-07-25,1.000000,7.261200,153.891006,1382.650024
2024-07-26,1.000000,7.230100,153.697006,1381.430054
2024-07-29,1.000000,7.250100,154.139008,1382.089966
2024-07-30,1.000000,7.258300,153.832993,1381.359985
2024-07-31,1.000000,7.250700,152.669998,1383.500000
2024-08-01,1.000000,7.217200,149.744003,1367.920044
2024-08-02,1.000000,7.242800,149.201004,1368.969971
2024-08-05,1.000000,7.157200,145.584000,1357.170044
2024-08-06,1.000000,7.120200,145.789993,1367.400024
2024-08-07,1.000000,7.156300,144.731995,1370.310059
2024-08-08,1.000000,7.180300,146.123993,1375.329956
2024-08-09,1.000000,7.173700,147.669006,1373.760010
2024-08-12,1.000000,7.166300,147.042007,1363.839966
2024-08-13,1.000000,7.174000,146.981995,1369.540039
2024-08-14,1.000000,7.152900,146.970993,1362.170044
2024-08-15,1.000000,7.137300,147.253006,1355.709961
2024-08-16,1.000000,7.173400,149.222000,1363.510010
2024-08-19,1.000000,7.164000,147.955994,1348.979980
2024-08-20,1.000000,7.140500,146.699005,1330.880005
2024-08-21,1.000000,7.132000,145.347000,1327.579956
2024-08-22,1.000000,7.131800,145.117996,1333.660034
2024-08-23,1.000000,7.144400,146.201996,1339.540039
2024-08-26,1.000000,7.124000,144.000000,1323.880005
2024-08-27,1.000000,7.118100,144.516006,1326.640015
2024-08-28,1.000000,7.123100,143.975006,1326.359985
2024-08-29,1.000000,7.124300,144.432999,1336.689941
2024-08-30,1.000000,7.095500,144.889999,1332.880005
2024-09-02,1.000000,7.092100,146.380997,1336.579956
2024-09-03,1.000000,7.116600,146.722000,1337.550049
2024-09-04,1.000000,7.120400,145.352997,1340.410034
2024-09-05,1.000000,7.111900,143.324005,1331.010010
2024-09-06,1.000000,7.091300,143.393005,1332.790039
2024-09-09,1.000000,7.087900,142.485992,1337.770020
2024-09-10,1.000000,7.113600,143.177002,1341.270020
2024-09-11,1.000000,7.120800,142.233994,1343.339966
2024-09-12,1.000000,7.119700,142.589996,1339.180054
2024-09-13,1.000000,7.116600,141.498993,1335.689941
2024-09-16,1.000000,7.092700,140.789993,1329.510010
2024-09-17,1.000000,7.092500,140.789993,1319.109985
2024-09-18,1.000000,7.092500,142.014999,1322.930054
2024-09-19,1.000000,7.081000,142.710007,1322.260010
2024-09-20,1.000000,7.067000,142.858002,1327.609985
2024-09-23,1.000000,7.050900,144.003998,1331.500000
2024-09-24,1.000000,7.051300,143.638000,1333.619995
2024-09-25,1.000000,7.030200,142.962997,1324.890015
2024-09-26,1.000000,7.032300,144.682999,1335.050049
2024-09-27,1.000000,7.009000,145.076004,1313.300049
2024-09-30,1.000000,7.010300,142.783005,1309.300049
2024-10-01,1.000000,7.017500,143.710007,1315.329956
2024-10-02,1.000000,7.030400,143.735992,1324.839966
2024-10-03,1.000000,7.037700,146.582001,1324.030029
2024-10-04,1.000000,7.045100,146.839996,1334.410034
2024-10-07,1.000000,7.017500,148.820007,1345.880005
2024-10-08,1.000000,7.019100,148.145996,1342.369995
2024-10-09,1.000000,7.057800,148.158997,1341.310059
2024-10-10,1.000000,7.080100,149.160004,1343.020020
2024-10-11,1.000000,7.080100,148.703995,1349.739990
2024-10-14,1.000000,7.065200,149.334000,1348.329956
2024-10-15,1.000000,7.087200,149.669998,1357.270020
2024-10-16,1.000000,7.117800,149.098999,1363.180054
2024-10-17,1.000000,7.118400,149.576004,1364.199951
2024-10-18,1.000000,7.123000,150.100006,1370.050049
2024-10-21,1.000000,7.100800,149.600006,1369.010010
2024-10-22,1.000000,7.118000,150.604996,1376.500000
2024-10-23,1.000000,7.121700,151.138000,1376.630005
2024-10-24,1.000000,7.125300,152.768997,1377.339966
2024-10-25,1.000000,7.118700,151.783005,1376.319946
2024-10-28,1.000000,7.120100,152.951996,1387.660034
2024-10-29,1.000000,7.127500,153.179001,1381.969971
2024-10-30,1.000000,7.130100,153.274002,1383.180054
2024-10-31,1.000000,7.114800,153.203995,1378.569946
2024-11-01,1.000000,7.118500,151.979996,1372.930054
2024-11-04,1.000000,7.121700,152.287003,1379.339966
2024-11-05,1.000000,7.097800,152.276001,1372.859985
2024-11-06,1.000000,7.102200,151.434998,1378.000000
2024-11-07,1.000000,7.176900,154.320007,1399.800049
2024-11-08,1.000000,7.141200,153.179993,1372.079956
2024-11-11,1.000000,7.178200,152.904007,1397.199951
2024-11-12,1.000000,7.211100,153.479996,1400.550049
2024-11-13,1.000000,7.231600,154.654999,1406.650024
2024-11-14,1.000000,7.223500,155.429001,1399.000000
2024-11-15,1.000000,7.229200,156.468002,1400.829956
2024-11-18,1.000000,7.231000,154.664001,1394.349976
2024-11-19,1.000000,7.235400,154.617004,1389.500000
2024-11-20,1.000000,7.238100,154.718002,1392.160034
2024-11-21,1.000000,7.244000,155.294998,1397.619995
2024-11-22,1.000000,7.233700,154.218002,1399.599976
2024-11-25,1.000000,7.242000,154.145996,1403.510010
2024-11-26,1.000000,7.239500,154.378006,1395.560059
2024-11-27,1.000000,7.252000,153.009003,1395.270020
2024-11-28,1.000000,7.246200,151.335999,1388.469971
2024-11-29,1.000000,7.242900,151.173996,1393.300049
2024-12-02,1.000000,7.240700,149.897995,1399.859985
2024-12-03,1.000000,7.270900,149.507996,1401.060059
2024-12-04,1.000000,7.283800,149.647003,1411.670044
2024-12-05,1.000000,7.263000,150.567001,1410.800049
2024-12-06,1.000000,7.259200,150.207001,1399.989990
2024-12-09,1.000000,7.269300,150.029999,1424.219971
2024-12-10,1.000000,7.259500,151.408005,1426.599976
2024-12-11,1.000000,7.248700,151.807007,1433.949951
2024-12-12,1.000000,7.261100,152.244995,1429.150024
2024-12-13,1.000000,7.267600,152.587006,1427.859985
2024-12-16,1.000000,7.275100,153.453003,1434.449951
2024-12-17,1.000000,7.282400,154.085999,1431.349976
2024-12-18,1.000000,7.284600,153.572006,1436.420044
2024-12-19,1.000000,7.285400,154.673004,1451.500000
2024-12-20,1.000000,7.295400,157.643997,1437.449951
2024-12-23,1.000000,7.295400,156.533005,1445.420044
2024-12-24,1.000000,7.297000,157.164993,1442.699951
2024-12-25,1.000000,7.294600,157.106995,1453.420044
2024-12-26,1.000000,7.297200,157.132996,1457.609985
2024-12-27,1.000000,7.297300,157.748001,1466.989990
2024-12-30,1.000000,7.297800,157.873001,1472.800049
2024-12-31,1.000000,7.298100,156.994995,1467.390015
2025-01-02,1.000000,7.298100,157.718994,1473.520020
2025-01-03,1.000000,7.298600,157.362000,1471.650024
2025-01-06,1.000000,7.319600,157.481003,1465.530029
2025-01-07,1.000000,7.322300,157.742996,1459.449951
2025-01-08,1.000000,7.326400,158.235992,1451.880005
2025-01-09,1.000000,7.331500,158.192001,1457.969971
2025-01-10,1.000000,7.332100,158.048004,1455.229980
2025-01-13,1.000000,7.331700,157.886993,1472.250000
2025-01-14,1.000000,7.329800,157.363998,1458.890015
2025-01-15,1.000000,7.330900,158.050003,1460.439941
2025-01-16,1.000000,7.330100,156.255005,1437.219971
2025-01-17,1.000000,7.331000,155.356003,1453.319946
2025-01-20,1.000000,7.324000,156.306000,1457.380005
2025-01-21,1.000000,7.313300,155.248993,1435.530029
2025-01-22,1.000000,7.271200,155.774002,1425.790039
2025-01-23,1.000000,7.271200,156.440002,1434.339966
2025-01-24,1.000000,7.286200,156.154999,1433.930054
2025-01-27,1.000000,7.243100,155.744003,1427.630005
2025-01-28,1.000000,7.250700,154.908997,1417.920044
2025-01-29,1.000000,7.250200,155.559006,1443.260010
2025-01-30,1.000000,7.169000,155.169998,1443.319946
2025-01-31,1.000000,7.180900,154.097000,1441.660034
2025-02-03,1.000000,7.185800,155.363007,1456.780029
2025-02-04,1.000000,7.195000,155.276993,1459.050049
2025-02-05,1.000000,7.181900,154.132996,1450.160034
2025-02-06,1.000000,7.270500,152.606003,1443.890015
2025-02-07,1.000000,7.287800,151.192993,1442.150024
2025-02-10,1.000000,7.286800,151.845993,1450.619995
2025-02-11,1.000000,7.304500,151.759003,1453.209961
2025-02-12,1.000000,7.307200,152.738998,1450.750000
2025-02-13,1.000000,7.308800,154.255005,1452.119995
2025-02-14,1.000000,7.288800,152.988998,1438.739990
2025-02-17,1.000000,7.253000,152.022995,1432.599976
2025-02-18,1.000000,7.253000,151.444000,1441.290039
2025-02-19,1.000000,7.278600,151.931000,1440.079956
2025-02-20,1.000000,7.283300,151.220001,1439.979980
2025-02-21,1.000000,7.255500,149.408005,1431.699951
2025-02-24,1.000000,7.250000,149.386993,1434.290039
2025-02-25,1.000000,7.247600,149.863998,1428.650024
2025-02-26,1.000000,7.247600,149.078003,1429.500000
2025-02-27,1.000000,7.258000,148.837997,1434.420044
2025-02-28,1.000000,7.285300,150.011993,1449.859985
2025-03-03,1.000000,7.282800,150.770996,1459.800049
2025-03-04,1.000000,7.284300,149.304993,1457.930054
2025-03-05,1.000000,7.265100,149.798996,1452.849976
2025-03-06,1.000000,7.250600,148.897995,1443.030029
2025-03-07,1.000000,7.250600,148.108002,1446.500000
2025-03-10,1.000000,7.234000,147.608002,1446.260010
2025-03-11,1.000000,7.259100,147.069000,1457.030029
2025-03-12,1.000000,7.259100,148.042007,1451.020020
2025-03-13,1.000000,7.237100,148.279007,1448.750000
2025-03-14,1.000000,7.237100,147.949005,1453.229980
2025-03-17,1.000000,7.237100,148.598007,1449.050049
2025-03-18,1.000000,7.232700,149.378998,1442.489990
2025-03-19,1.000000,7.227300,149.451996,1448.939941
2025-03-20,1.000000,7.230000,148.490005,1443.390015
2025-03-21,1.000000,7.247700,148.595993,1465.819946
2025-03-24,1.000000,7.248500,149.677002,1464.780029
2025-03-25,1.000000,7.253000,150.774002,1466.270020
2025-03-26,1.000000,7.256900,149.949997,1462.089966
2025-03-27,1.000000,7.256900,150.473007,1465.680054
2025-03-28,1.000000,7.263300,150.847000,1461.890015
2025-03-31,1.000000,7.262800,149.617004,1469.410034
2025-04-01,1.000000,7.256700,149.912994,1471.959961
2025-04-02,1.000000,7.269700,149.783005,1469.969971
2025-04-03,1.000000,7.267500,147.871994,1466.040039
2025-04-04,1.000000,7.267500,146.231003,1450.680054
2025-04-07,1.000000,7.281300,145.432999,1458.520020
2025-04-08,1.000000,7.308100,147.789001,1469.949951
2025-04-09,1.000000,7.338800,145.845001,1486.130005
2025-04-10,1.000000,7.350000,147.399002,1443.949951
2025-04-11,1.000000,7.314000,143.746994,1452.040039
2025-04-14,1.000000,7.291600,143.695999,1419.050049
2025-04-15,1.000000,7.311900,143.220993,1419.420044
2025-04-16,1.000000,7.311900,143.181000,1427.020020
2025-04-17,1.000000,7.311900,141.927994,1414.229980
2025-04-22,1.000000,7.299000,140.876007,1421.640015
2025-04-23,1.000000,7.311800,142.688004,1429.219971
2025-04-24,1.000000,7.286000,143.223007,1426.449951
2025-04-25,1.000000,7.286000,142.878998,1430.060059
2025-04-28,1.000000,7.286400,143.841003,1437.359985
2025-04-29,1.000000,7.294000,142.177994,1435.880005
2025-04-30,1.000000,7.269000,142.298996,1431.160034
2025-05-01,1.000000,7.270600,143.009003,1423.750000
2025-05-02,1.000000,7.270600,145.447998,1435.099976
2025-05-05,1.000000,7.270600,144.623993,1398.900024
2025-05-06,1.000000,7.270000,143.654007,1374.369995
2025-05-07,1.000000,7.216300,143.035004,1374.770020
2025-05-08,1.000000,7.225200,143.848007,1397.290039
2025-05-09,1.000000,7.225200,146.014999,1403.849976
2025-05-12,1.000000,7.236300,145.811996,1395.170044
2025-05-13,1.000000,7.201800,148.309998,1416.030029
2025-05-14,1.000000,7.205700,147.528000,1416.000000
2025-05-15,1.000000,7.205700,146.649994,1407.329956
2025-05-16,1.000000,7.206500,145.613007,1397.020020
2025-05-19,1.000000,7.209000,145.298004,1398.130005
2025-05-20,1.000000,7.209000,144.975006,1388.550049
2025-05-21,1.000000,7.219400,144.328003,1392.729980
2025-05-22,1.000000,7.201900,143.755005,1373.859985
2025-05-23,1.000000,7.203700,143.858002,1381.339966
2025-05-26,1.000000,7.203700,142.867004,1364.729980
2025-05-27,1.000000,7.203700,142.654999,1368.099976
2025-05-28,1.000000,7.203700,144.177002,1374.800049
2025-05-29,1.000000,7.203700,145.697006,1373.599976
2025-05-30,1.000000,7.203700,143.779007,1370.410034
2025-06-02,1.000000,7.203700,143.815002,1381.989990
2025-06-03,1.000000,7.203700,142.451996,1376.069946
2025-06-04,1.000000,7.203700,143.837006,1377.719971
2025-06-05,1.000000,7.203700,142.731995,1361.089966
2025-06-06,1.000000,7.175000,143.542007,1354.550049
2025-06-09,1.000000,7.188600,144.690994,1359.189941
2025-06-10,1.000000,7.180200,144.539993,1353.849976
2025-06-11,1.000000,7.180200,144.837997,1363.880005
2025-06-12,1.000000,7.192800,144.203003,1365.689941
2025-06-13,1.000000,7.192800,143.194000,1349.790039
2025-06-16,1.000000,7.181000,144.091003,1365.140015
2025-06-17,1.000000,7.179000,144.729004,1357.780029
2025-06-18,1.000000,7.184500,145.376007,1380.500000
2025-06-19,1.000000,7.188800,144.955002,1370.750000
2025-06-20,1.000000,7.188000,145.218002,1374.890015
2025-06-23,1.000000,7.188000,146.223999,1369.469971
2025-06-24,1.000000,7.179000,145.927994,1361.939941
2025-06-25,1.000000,7.171300,144.957001,1353.780029
2025-06-26,1.000000,7.176400,144.904007,1357.030029
2025-06-27,1.000000,7.167500,144.694000,1352.760010
2025-06-30,1.000000,7.172100,144.516998,1363.589966
2025-07-01,1.000000,7.163600,143.800003,1348.500000
2025-07-02,1.000000,7.164500,143.401993,1355.589966
2025-07-03,1.000000,7.164900,143.526001,1354.750000
2025-07-04,1.000000,7.164900,144.682007,1357.099976
2025-07-07,1.000000,7.164900,144.498001,1362.199951
2025-07-08,1.000000,7.174400,145.891998,1374.640015
2025-07-09,1.000000,7.173800,146.848999,1370.300049
2025-07-10,1.000000,7.180000,146.113998,1373.000000
2025-07-11,1.000000,7.174800,146.287994,1372.640015
2025-07-14,1.000000,7.168100,147.294998,1378.170044
2025-07-15,1.000000,7.167000,147.792007,1382.010010
2025-07-16,1.000000,7.172900,148.761002,1386.449951
2025-07-17,1.000000,7.178500,148.003006,1384.920044
2025-07-18,1.000000,7.183200,148.442001,1391.579956
2025-07-21,1.000000,7.177700,148.431000,1390.569946
2025-07-22,1.000000,7.175500,147.408997,1381.819946
2025-07-23,1.000000,7.174300,146.785004,1379.780029
2025-07-24,1.000000,7.159500,146.348999,1373.719971
2025-07-25,1.000000,7.153500,147.005005,1372.000000
2025-07-28,1.000000,7.153500,147.813004,1382.780029
2025-07-29,1.000000,7.177800,148.479004,1388.290039
2025-07-30,1.000000,7.176400,148.442001,1388.859985
2025-07-31,1.000000,7.176400,149.225998,1392.520020
2025-08-01,1.000000,7.200200,150.772003,1391.510010
2025-08-04,1.000000,7.211600,147.343002,1390.180054
2025-08-05,1.000000,7.178000,146.792999,1383.589966
2025-08-06,1.000000,7.183400,147.559998,1386.579956
2025-08-07,1.000000,7.182800,147.192993,1384.390015
2025-08-08,1.000000,7.181000,146.837006,1384.969971
2025-08-11,1.000000,7.181000,147.664001,1387.810059
2025-08-12,1.000000,7.187700,148.125000,1389.790039
2025-08-13,1.000000,7.178500,147.757996,1383.089966
2025-08-14,1.000000,7.174300,147.119995,1378.780029
2025-08-15,1.000000,7.179500,147.690994,1387.869995
2025-08-18,1.000000,7.181700,147.264008,1387.979980
2025-08-19,1.000000,7.184600,147.916000,1386.910034
2025-08-20,1.000000,7.181900,147.731003,1391.339966
2025-08-21,1.000000,7.175700,147.317993,1396.910034
2025-08-22,1.000000,7.179900,148.386002,1399.609985
2025-08-25,1.000000,7.167500,147.214996,1382.890015
2025-08-26,1.000000,7.151000,147.822006,1389.050049
2025-08-27,1.000000,7.152000,147.462006,1393.949951
2025-08-28,1.000000,7.153000,147.315994,1392.750000
2025-08-29,1.000000,7.153000,146.789993,1384.410034
2025-09-01,1.000000,7.130400,147.097000,1388.839966
2025-09-02,1.000000,7.130400,147.084000,1392.939941
2025-09-03,1.000000,7.139000,148.548004,1394.569946
2025-09-04,1.000000,7.141400,147.979996,1389.630005
2025-09-05,1.000000,7.141400,148.375000,1392.060059
2025-09-08,1.000000,7.132500,148.343994,1385.510010
2025-09-09,1.000000,7.129300,147.363998,1385.719971
2025-09-10,1.000000,7.120900,147.391998,1387.250000
2025-09-11,1.000000,7.120700,147.332001,1387.199951
2025-09-12,1.000000,7.118400,147.223999,1389.500000
2025-09-15,1.000000,7.124200,147.666000,1393.699951
2025-09-16,1.000000,7.118500,147.404999,1385.010010
2025-09-17,1.000000,7.114200,146.412994,1377.640015
2025-09-18,1.000000,7.103300,146.891006,1378.689941
2025-09-19,1.000000,7.112900,147.947006,1386.750000
2025-09-22,1.000000,7.112900,148.095001,1396.229980
2025-09-23,1.000000,7.114000,147.725006,1389.390015
2025-09-24,1.000000,7.111600,147.613007,1391.849976
2025-09-25,1.000000,7.131500,148.751007,1403.650024
2025-09-26,1.000000,7.133800,149.453995,1408.920044
2025-09-27,1.000000,7.132300,149.453995,1409.459961
2025-09-29,1.000000,7.119900,148.973999,1400.579956
2025-09-30,1.000000,7.123800,148.386002,1404.300049
2025-10-01,1.000000,7.120000,147.496994,1402.979980
2025-10-02,1.000000,7.118500,147.162003,1400.680054
2025-10-03,1.000000,7.120000,147.723999,1409.000000
2025-10-04,1.000000,7.118500,147.399002,1407.380005
2025-10-05,1.000000,7.120000,147.399002,1405.599976
2025-10-06,1.000000,7.120000,150.300003,1405.599976
2025-10-07,1.000000,7.120000,150.414001,1409.310059
2025-10-08,1.000000,7.120000,152.365997,1419.729980
2025-10-09,1.000000,7.124600,152.500000,1418.010010
2025-10-10,1.000000,7.123800,152.740005,1420.790039
2025-10-11,1.000000,7.133500,151.119003,1429.020020
2025-10-12,1.000000,7.133500,151.119003,1429.020020
2025-10-13,1.000000,7.130200,151.893005,1428.180054
2025-10-14,1.000000,7.136100,151.820007,1429.449951
2025-10-15,1.000000,7.125700,151.255997,1421.880005
2025-10-16,1.000000,7.125500,151.067001,1419.050049
2025-10-17,1.000000,7.122100,149.923996,1419.619995
2025-10-18,1.000000,7.125900,150.584000,1421.569946
2025-10-19,1.000000,7.125900,150.584000,1421.569946
2025-10-20,1.000000,7.123200,150.595993,1418.280029
2025-10-21,1.000000,7.117100,151.067001,1424.939941
2025-10-22,1.000000,7.122300,151.770004,1428.520020
2025-10-23,1.000000,7.122700,152.416000,1439.390015
2025-10-24,1.000000,7.123200,152.929993,1438.119995
2025-10-25,1.000000,7.121500,152.809998,1438.599976
2025-10-26,1.000000,7.121500,152.809998,1438.599976
2025-10-27,1.000000,7.112600,153.121002,1433.380005
2025-10-28,1.000000,7.098400,151.903000,1434.380005
2025-10-29,1.000000,7.099800,152.072998,1433.780029
2025-10-30,1.000000,7.096600,152.686005,1422.839966
2025-10-31,1.000000,7.109100,153.921005,1426.380005
2025-11-01,1.000000,7.109800,153.899994,1424.020020
2025-11-02,1.000000,7.109800,153.940002,1424.020020
2025-11-03,1.000000,7.114700,154.084000,1426.630005
2025-11-04,1.000000,7.124700,154.033005,1440.579956
2025-11-05,1.000000,7.127600,153.487000,1447.479980
2025-11-06,1.000000,7.123500,153.983002,1446.560059
2025-11-07,1.000000,7.121200,153.132004,1456.479980
2025-11-08,1.000000,7.122200,152.947998,1458.000000
2025-11-09,1.000000,7.122200,152.947998,1458.000000
2025-11-10,1.000000,7.118800,153.871994,1453.479980
2025-11-11,1.000000,7.121600,154.287994,1466.680054
2025-11-12,1.000000,7.118500,154.779007,1468.579956
2025-11-13,1.000000,7.101600,154.811996,1466.380005
2025-11-14,1.000000,7.092600,154.393997,1452.969971
2025-11-15,1.000000,7.112000,154.632996,1468.709961
2025-11-16,1.000000,7.098400,154.632996,1457.300049
2025-11-17,1.000000,7.103900,154.647995,1459.680054
2025-11-18,1.000000,7.110900,155.024994,1465.380005
2025-11-19,1.000000,7.109700,155.296997,1467.400024
2025-11-20,1.000000,7.115000,157.425003,1468.780029
2025-11-21,1.000000,7.111100,157.272003,1471.180054
2025-11-22,1.000000,7.106100,157.369003,1469.550049
2025-11-23,1.000000,7.106100,157.369003,1469.550049
2025-11-24,1.000000,7.107300,156.548004,1476.020020
2025-11-25,1.000000,7.094300,156.794998,1473.979980
2025-11-26,1.000000,7.081000,156.063995,1466.280029
2025-11-27,1.000000,7.078900,155.977005,1461.979980
2025-11-28,1.000000,7.075000,156.250000,1465.680054
2025-11-29,1.000000,7.075800,156.283997,1461.400024
2025-11-30,1.000000,7.075800,156.283997,1461.400024
2025-12-01,1.000000,7.073100,155.570999,1470.479980
2025-12-02,1.000000,7.073600,155.634003,1467.880005
2025-12-03,1.000000,7.063700,155.641006,1469.479980
2025-12-04,1.000000,7.068200,155.444000,1473.680054
2025-12-05,1.000000,7.069900,154.852997,1471.680054
2025-12-06,1.000000,7.070200,155.141998,1472.380005
2025-12-07,1.000000,7.070200,155.141998,1472.380005
2025-12-08,1.000000,7.067500,155.115997,1469.540039
2025-12-09,1.000000,7.068200,155.942001,1469.910034
2025-12-10,1.000000,7.061200,156.615997,1470.520020
2025-12-11,1.000000,7.061200,155.843994,1472.339966
2025-12-12,1.000000,7.054700,155.720993,1473.180054
2025-12-13,1.000000,7.054600,155.567001,1477.300049
2025-12-14,1.000000,7.054300,155.567001,1474.599976
2025-12-15,1.000000,7.049400,155.210999,1472.229980
2025-12-16,1.000000,7.042200,154.804001,1474.430054
2025-12-17,1.000000,7.043900,155.108994,1479.680054
2025-12-18,1.000000,7.041500,155.718994,1477.579956
2025-12-19,1.000000,7.040300,156.026001,1478.130005
2025-12-20,1.000000,7.040800,155.585999,1477.400024
2025-12-21,1.000000,7.040800,157.750000,1477.400024
2025-12-22,1.000000,7.039500,157.350998,1480.619995
2025-12-23,1.000000,7.028300,156.091995,1480.599976
2025-12-24,1.000000,7.023500,155.772995,1455.819946
2025-12-25,1.000000,7.005300,155.720993,1445.569946
2025-12-26,1.000000,7.007200,156.171005,1437.079956
2025-12-27,1.000000,7.005800,156.089996,1441.959961
2025-12-28,1.000000,7.003800,156.089996,1441.959961
2025-12-29,1.000000,7.009000,156.358002,1433.699951
2025-12-30,1.000000,6.999400,156.044006,1435.479980
2025-12-31,1.000000,6.988000,156.593002,1441.329956
2026-01-01,1.000000,6.987500,156.746002,1439.500000
2026-01-02,1.000000,6.987500,156.835007,1443.329956
2026-01-03,1.000000,6.987500,156.731003,1444.500000
2026-01-04,1.000000,6.987500,156.731003,1444.500000
2026-01-05,1.000000,6.981400,157.222000,1446.890015
2026-01-06,1.000000,6.980500,156.360992,1444.250000
2026-01-07,1.000000,6.985700,156.408005,1448.640015
2026-01-08,1.000000,6.985700,156.699997,1449.079956
2026-01-09,1.000000,6.980000,157.276993,1456.660034
2026-01-10,1.000000,6.983100,156.880005,1457.800049
2026-01-11,1.000000,6.983100,156.880005,1457.800049
2026-01-12,1.000000,6.974400,158.128998,1468.810059
2026-01-13,1.000000,6.974800,158.768005,1473.579956
