Trade Date,Order Type,Security,Quantity,Executed Price
06/25/2020,Buy,FNSFX,60.411,11.46
07/13/2020,Buy,FNSFX,59.172,11.7
07/24/2020,Buy,FNSFX,57.934,11.95
08/07/2020,Buy,FNSFX,45.065,12.29
08/20/2020,Buy,FNSFX,11.166,12.4
08/21/2020,Buy,FNSFX,55.831,12.4
09/08/2020,Buy,FNSFX,56.515,12.25
09/18/2020,Buy,FNSFX,55.562,12.46
10/01/2020,Buy,FNSFX,55.607,12.45
10/16/2020,Buy,FNSFX,56.047,12.79
10/29/2020,Buy,FNSFX,57.9,12.31
11/13/2020,Buy,FNSFX,53.43,13.34
11/25/2020,Buy,FNSFX,51.911,13.73
12/11/2020,Buy,FNSFX,51.02,13.97
12/24/2020,Buy,FNSFX,50.265,14.18
12/30/2020,Buy,FNSFX,15.711,14.06
01/08/2021,Buy,FNSFX,49.087,14.52
01/22/2021,Buy,FNSFX,48.719,14.63
02/04/2021,Buy,FNSFX,48.585,14.67
02/18/2021,Buy,FNSFX,115.052,14.95
03/05/2021,Buy,FNSFX,48.652,14.65
03/22/2021,Buy,FNSFX,47.74,14.93
04/05/2021,Buy,FNSFX,93.782,15.2
04/15/2021,Buy,FNSFX,46.192,15.43
04/30/2021,Buy,FNSFX,17.924,15.45
05/03/2021,Buy,FNSFX,45.925,15.52
05/14/2021,Buy,FNSFX,54.245,14.89
05/18/2021,Buy,FNSFX,47.9,14.88
05/19/2021,Sell,FNSFX,48.256,14.77
05/19/2021,Sell,FNSFX,0.512,14.79
05/20/2021,Buy,ANET,46,335.93
05/28/2021,Buy,FNSFX,47.015,15.16
06/11/2021,Buy,FNSFX,46.434,15.35
06/25/2021,Buy,FNSFX,46.434,15.35
07/06/2021,Buy,VTSAX,28.87532,109.36
07/07/2021,Buy,QQQ,5.0,362.54
07/07/2021,Buy,VOO,5.0,398.71
07/09/2021,Buy,AAPL,2.0,142.76
07/09/2021,Buy,FNSFX,49.625,15.32
07/23/2021,Buy,FNSFX,49.723,15.29
07/30/2021,Buy,AAPL,1.0,144.49
07/30/2021,Buy,QQQ,6.0,362.44
07/30/2021,Buy,MSFT,2.0,285.17
07/30/2021,Buy,VOO,5.0,402.64
08/03/2021,Buy,AMC,1.0,35.15
08/03/2021,Buy,RBLX,1.0,77.0
08/05/2021,Buy,AMC,1.0,31.09
08/05/2021,Buy,BA,1.0,226.68
08/05/2021,Buy,CRM,1.0,245.0
08/06/2021,Buy,FNSFX,49.4,15.39
08/11/2021,Buy,MRNA,1.0,443.34
08/11/2021,Buy,PFE,1.0,46.48
08/13/2021,Sell,AMC,2.0,33.92
08/13/2021,Buy,RBLX,1.0,83.74
08/16/2021,Buy,ANET,22,365.51
08/17/2021,Buy,AAPL,3.0,150.84
08/17/2021,Buy,PFE,1.0,49.72
08/20/2021,Buy,ANET,11,369.86
08/20/2021,Buy,FNSFX,50.149,15.16
08/24/2021,Buy,AAPL,1.0,149.53
08/24/2021,Buy,MSFT,1.0,302.79
08/24/2021,Buy,PFE,1.0,48.38
08/25/2021,Buy,AAPL,5.0,147.91
08/25/2021,Buy,COST,1.0,451.65
08/25/2021,Buy,QQQ,3.0,374.34
08/25/2021,Buy,MSFT,3.0,300.97
08/25/2021,Buy,MRNA,1.0,398.29
08/25/2021,Buy,PFE,10.0,47.48
08/25/2021,Buy,SPY,3.0,449.11
08/26/2021,Buy,ARKW,1.0,150.6
08/26/2021,Buy,BA,1.0,217.77
08/26/2021,Buy,RBLX,3.0,86.99
08/26/2021,Buy,CRM,1.0,273.76
08/27/2021,Buy,CRM,1.0,267.9
08/30/2021,Buy,MRNA,1.0,368.93
09/01/2021,Buy,AAPL,3.0,152.82
09/01/2021,Buy,MSFT,1.0,302.88
09/01/2021,Buy,RBLX,3.0,81.62
09/02/2021,Buy,MSFT,1.0,300.67
09/02/2021,Buy,PFE,5.0,46.44
09/02/2021,Buy,CRM,1.0,265.89
09/03/2021,Buy,BA,1.0,218.23
09/03/2021,Buy,RBLX,2.0,82.35
09/03/2021,Buy,CRM,1.0,263.6
09/03/2021,Buy,FNSFX,48.302,15.74
09/07/2021,Buy,BA,1.0,212.83
09/08/2021,Buy,RBLX,1.0,82.31
09/08/2021,Buy,CRM,1.0,263.62
09/10/2021,Buy,PFE,1.0,45.67
09/15/2021,Buy,AAPL,3.0,148.53
09/16/2021,Buy,PFE,1.0,44.88
09/17/2021,Buy,FNSFX,49.176,15.46
09/21/2021,Buy,PFE,2.0,44.0
09/21/2021,Buy,SPY,1.0,435.54
09/24/2021,Buy,VTSAX,0.00383,115.0
09/27/2021,Buy,AAPL,20.0,145.68
09/27/2021,Buy,QQQ,5.0,370.97
09/28/2021,Buy,MSFT,5.0,285.01
09/28/2021,Buy,VOO,5.0,400.0
10/01/2021,Buy,VOO,1.0,396.24
10/01/2021,Buy,FNSFX,50.05,15.19
10/04/2021,Buy,QQQ,1.0,351.44
10/14/2021,Buy,AAPL,5.0,142.08
10/14/2021,Sell,BA,4.0,221.07
10/15/2021,Buy,FNSFX,48.703,15.61
10/22/2021,Sell,RBLX,11.0,81.78
10/26/2021,Buy,COST,1.0,484.04
10/26/2021,Buy,NVDA,1.0,240.0
10/27/2021,Buy,AAPL,1.0,148.9
10/27/2021,Buy,NVDA,1.0,244.7
10/27/2021,Buy,SPY,1.0,454.0
10/27/2021,Buy,VOO,1.0,417.5
10/28/2021,Buy,ARKW,2.0,153.22
10/29/2021,Buy,AAPL,5.0,148.7
10/29/2021,Buy,FNSFX,48.271,15.75
11/01/2021,Buy,AAPL,1.0,148.82
11/01/2021,Buy,MSFT,1.0,329.44
11/02/2021,Buy,ARKW,2.0,158.28
11/02/2021,Buy,CRM,1.0,301.37
11/02/2021,Buy,VTSAX,8.605,116.21
11/03/2021,Buy,NVDA,1.0,262.8
11/03/2021,Buy,CRM,1.0,300.68
11/04/2021,Buy,ARKW,1.0,160.4
11/05/2021,Buy,ARKW,1.0,157.53
11/05/2021,Buy,AAPL,1.0,151.89
11/05/2021,Buy,COST,1.0,513.57
11/05/2021,Buy,MSFT,1.0,335.71
11/05/2021,Sell,PFE,22.0,47.73
11/05/2021,Buy,CRM,1.0,306.56
11/08/2021,Buy,AAPL,1.0,150.59
11/08/2021,Buy,COST,1.0,504.9
11/08/2021,Buy,COST,1.0,505.09
11/09/2021,Buy,ARKW,1.0,157.99
11/09/2021,Buy,QQQ,2.0,394.81
11/09/2021,Buy,MSFT,1.0,335.79
11/09/2021,Buy,NVDA,1.0,305.61
11/09/2021,Buy,VOO,1.0,428.99
11/09/2021,Buy,VOO,1.0,429.08
11/11/2021,Buy,ARKW,1.0,155.22
11/11/2021,Buy,AAPL,1.0,149.0
11/11/2021,Buy,QQQ,2.0,392.49
11/11/2021,Buy,MSFT,1.0,331.25
11/11/2021,Buy,NVDA,3.0,304.57
11/11/2021,Buy,CRM,2.0,301.5
11/11/2021,Buy,VOO,1.0,427.7
11/15/2021,Sell,ARKW,9.0,157.12
11/15/2021,Buy,FNSFX,47.339,16.06
11/16/2021,Buy,NVDA,1.0,297.57
11/17/2021,Buy,NVDA,3.0,294.17
11/18/2021,Buy,CRM,1.0,304.5
11/19/2021,Buy,CRM,1.0,305.71
11/22/2021,Buy,CRM,1.0,297.37
11/22/2021,Buy,ANET,45,128.16
11/23/2021,Buy,QQQ,1.0,395.57
11/23/2021,Buy,CRM,1.0,289.99
11/29/2021,Buy,AAPL,1.0,159.23
11/29/2021,Buy,AAPL,2.0,159.23
11/29/2021,Buy,COST,1.0,546.13
11/29/2021,Buy,QQQ,2.0,395.93
11/29/2021,Buy,MSFT,2.0,334.98
11/29/2021,Buy,NVDA,1.0,324.0
11/29/2021,Buy,NVDA,2.0,324.0
11/29/2021,Buy,SPY,2.0,464.11
11/29/2021,Buy,SPY,5.0,464.11
11/29/2021,Buy,CRM,1.0,289.52
11/29/2021,Buy,VOO,2.0,426.73
11/29/2021,Buy,FNSFX,48.986,15.52
11/30/2021,Buy,NVDA,1.0,326.14
11/30/2021,Buy,CRM,1.0,284.33
12/01/2021,Buy,CRM,4.0,255.03
12/08/2021,Buy,COST,1.0,528.47
12/13/2021,Buy,FNSFX,49.145,15.47
12/14/2021,Buy,MSFT,1.0,327.62
12/14/2021,Buy,CRM,1.0,254.93
12/27/2021,Buy,VTSAX,0.00585,118.0
12/27/2021,Buy,FNSFX,48.179,15.78
12/29/2021,Buy,AAPL,1.0,179.3
12/29/2021,Buy,QQQ,2.0,401.88
12/29/2021,Buy,NVDA,2.0,303.11
12/29/2021,Buy,CRM,1.0,256.0
12/30/2021,Buy,QQQ,1.0,401.45
12/30/2021,Buy,NVDA,1.0,298.24
12/30/2021,Buy,FNSFX,135.987,14.85
12/31/2021,Buy,COST,1.0,563.41
12/31/2021,Buy,QQQ,1.0,398.68
12/31/2021,Buy,QQQ,2.0,399.71
12/31/2021,Buy,MSFT,1.0,337.43
12/31/2021,Buy,MSFT,1.0,338.41
12/31/2021,Buy,NVDA,1.0,296.52
12/31/2021,Buy,SPY,1.0,475.62
12/31/2021,Buy,VOO,2.0,437.29
01/03/2022,Buy,MSFT,1.0,333.92
01/04/2022,Buy,QQQ,5.0,394.23
01/04/2022,Buy,SPY,1.0,476.48
01/04/2022,Buy,VTSAX,8.471,118.05
01/07/2022,Buy,FNSFX,51.824,14.67
01/19/2022,Buy,QQQ,1.0,372.02
01/21/2022,Buy,FNSFX,53.881,14.11
02/01/2022,Buy,VTSAX,8.981,111.34
02/04/2022,Buy,FNSFX,53.39,14.24
02/15/2022,Buy,ANET,94,129.94
02/22/2022,Buy,ANET,44,121.83
02/22/2022,Buy,FNSFX,54.971,13.83
03/01/2022,Buy,VTSAX,9.438,105.96
03/07/2022,Buy,FNSFX,58.392,13.02
03/08/2022,Buy,NVDA,1.0,213.0
03/08/2022,Buy,CRM,1.0,194.12
03/18/2022,Buy,FNSFX,54.735,13.89
03/24/2022,Buy,BRK-B,1.0,351.12
03/24/2022,Buy,DIA,1.0017,344.5
03/24/2022,Buy,SCI,1.16828,63.7
03/24/2022,Buy,VTI,1.0,225.01
03/24/2022,Buy,WM,1.0,153.96
03/29/2022,Buy,SCI,1.0,65.33
03/29/2022,Buy,SCI,1.0,64.51
03/31/2022,Buy,SPY,1.0,457.92
03/31/2022,Buy,DIA,1.0,348.77
03/31/2022,Buy,VTI,1.0,230.68
04/01/2022,Buy,FNSFX,54.266,14.01
04/04/2022,Buy,BRK-B,1.0,345.43
04/04/2022,Buy,SCI,1.0,65.02
04/05/2022,Buy,VTSAX,9.044,110.57
04/05/2022,Buy,VTI,1.0,228.11
04/06/2022,Buy,VTI,1.0,224.74
04/08/2022,Buy,VTI,1.0,224.12
04/14/2022,Buy,FNSFX,56.067,13.56
04/29/2022,Buy,SCI,4.0,66.42
04/29/2022,Buy,WM,2.0,167.22
04/29/2022,Buy,FNSFX,59.072,12.87
05/02/2022,Buy,SCI,1.0,65.77
05/02/2022,Buy,SCI,4.0,64.33
05/02/2022,Buy,WM,1.0,163.6
05/06/2022,Buy,FNSFX,192.867,11.85
05/13/2022,Buy,FNSFX,65.258,11.65
05/20/2022,Buy,ANET,45,102.64
05/27/2022,Buy,FNSFX,62.522,12.16
06/03/2022,Buy,AAPL,2.0,145.24
06/03/2022,Buy,DIA,1.0,329.97
06/03/2022,Buy,SCI,1.0,71.03
06/03/2022,Buy,WM,1.0,159.17
06/03/2022,Buy,WM,1.0,159.17
06/10/2022,Buy,FNSFX,65.653,11.58
06/24/2022,Buy,FNSFX,70.705,11.37
07/05/2022,Buy,VTSAX,10.74,93.11
07/11/2022,Buy,FNSFX,76.95,11.1
07/12/2022,Buy,BUG,1.0,26.61
07/12/2022,Buy,BUG,1.0,25.27
07/22/2022,Buy,FNSFX,74.664,11.44
07/29/2022,Buy,BUG,1.0,25.58
08/01/2022,Buy,WM,1.0,163.61
08/02/2022,Buy,BRK-B,1.0,295.21
08/02/2022,Buy,BUG,1.0,26.23
08/02/2022,Buy,DIA,1.0,327.18
08/02/2022,Buy,SCI,1.0,74.47
08/02/2022,Buy,SCI,2.0,74.44
08/05/2022,Buy,FNSFX,72.263,11.82
08/15/2022,Buy,ANET,93,128.74
08/22/2022,Buy,ANET,47,127.14
08/22/2022,Buy,FNSFX,73.004,11.7
08/23/2022,Buy,BUG,1.0,27.76
08/31/2022,Buy,BRK-B,1.0,284.08
08/31/2022,Buy,BUG,1.0,27.05
08/31/2022,Buy,DIA,1.0,317.83
08/31/2022,Buy,SCI,1.0,61.99
08/31/2022,Buy,SCI,1.0,61.98
08/31/2022,Buy,SCI,1.0,62.0
08/31/2022,Buy,WM,1.0,170.65
09/02/2022,Buy,FNSFX,75.924,11.25
09/14/2022,Buy,BUG,1.0,26.56
09/16/2022,Buy,FNSFX,76.881,11.11
09/29/2022,Buy,AAPL,1.0,141.17
09/29/2022,Buy,AAPL,1.0,141.13
09/29/2022,Buy,COST,1.0,475.33
09/29/2022,Buy,BUG,1.0,24.04
09/29/2022,Buy,SCI,1.0,57.57
09/29/2022,Buy,WM,1.0,161.24
09/30/2022,Buy,FNSFX,82.686,10.33
10/07/2022,Buy,BUG,1.0,24.53
10/07/2022,Buy,BUG,1.0,24.53
10/14/2022,Buy,FNSFX,82.767,10.32
10/27/2022,Sell,ANET,184,119.18
10/28/2022,Sell,ANET,44,121.35
10/28/2022,Sell,ANET,88,121.33
10/28/2022,Buy,FNSFX,77.792,10.98
11/14/2022,Buy,BUG,2.0,23.61
11/14/2022,Buy,FNSFX,74.338,11.49
11/18/2022,Buy,BUG,1.0,22.98
11/21/2022,Buy,ANET,45,134.61
11/25/2022,Buy,FNSFX,73.192,11.67
11/28/2022,Sell,ANET,45,135.4
12/06/2022,Buy,AAPL,1.0,147.03
12/06/2022,Buy,AAPL,1.0,144.23
12/06/2022,Buy,BRK-B,1.0,309.3
12/06/2022,Buy,COST,1.0,490.66
12/06/2022,Buy,COST,1.0,482.2
12/06/2022,Buy,BUG,2.0,22.3
12/12/2022,Sell,FNSFX,0.44,11.66
12/13/2022,Buy,FNSFX,72.57,11.77
12/15/2022,Buy,AAPL,1.0,137.05
12/15/2022,Buy,BRK-B,1.0,302.8
12/15/2022,Buy,COST,1.0,466.28
12/15/2022,Buy,DIA,1.0,333.48
12/16/2022,Buy,DIA,1.0,327.21
12/16/2022,Buy,SCI,1.0,68.06
12/16/2022,Buy,WM,1.0,161.62
12/16/2022,Buy,WM,1.0,161.72
12/22/2022,Buy,BUG,3.0,20.8
12/27/2022,Buy,FNSFX,75.189,11.36
12/29/2022,Buy,PTLC,1.0,37.51
12/29/2022,Buy,FNSFX,139.912,11.06
12/30/2022,Buy,SCHD,1.0,75.1
12/30/2022,Buy,SCI,1.0,69.0
12/30/2022,Buy,WM,1.0,156.25
01/03/2023,Sell,BUG,18.0,20.525
01/03/2023,Sell,MRNA,3.0,180.34
01/03/2023,Buy,SCI,1.0,67.034
01/03/2023,Buy,SCHD,1.0,75.239
01/03/2023,Buy,PTLC,3.0,37.515
01/03/2023,Buy,DIA,1.0,329.435
01/03/2023,Buy,BRK-B,1.0,308.1795
01/03/2023,Buy,WM,1.0,155.9633
01/03/2023,Buy,SCI,1.0,66.98
01/05/2023,Buy,WM,1.0,155.065
01/06/2023,Buy,FNSFX,75.522,11.31
01/09/2023,Buy,BUG,0.28048,20.4600
01/09/2023,Sell,VTI,5.0,195.21
01/10/2023,Buy,WM,2.0,153.835
01/10/2023,Buy,PTLC,1.0,37.5285
01/10/2023,Sell,BUG,0.28048,20.3
01/12/2023,Buy,WM,1.0,154.93
01/12/2023,Buy,PTLC,1.0,37.535
01/13/2023,Buy,PTLC,1.0,37.5387
01/18/2023,Buy,BRK-B,1.0,311.78
01/18/2023,Buy,WM,1.0,151.945
01/19/2023,Buy,BRK-B,1.0,306.29
01/20/2023,Buy,FNSFX,72.88,11.72
02/03/2023,Sell,VTSAX,14.16,101.16
02/03/2023,Buy,FNSFX,71.357,11.97
02/06/2023,Buy,BRK-B,1.0,307.18
02/06/2023,Buy,WM,1.0,151.39
02/06/2023,Buy,SCI,1.0,72.51
02/07/2023,Buy,SCI,2.0,71.3
02/08/2023,Buy,BRK-B,1.0,308.64
02/08/2023,Buy,SCI,1.0,70.8029
02/08/2023,Buy,SCHD,1.0,76.745
02/08/2023,Buy,PTLC,2.0,38.0283
02/09/2023,Buy,SCHD,1.0,76.175
02/10/2023,Buy,PTLC,2.0,37.6999
02/14/2023,Buy,SCHD,1.0,77.0333
02/14/2023,Buy,PTLC,1.0,38.0883
02/15/2023,Sell,QQQ,3.0,307.1565
02/15/2023,Buy,SCI,4.0,69.825
02/15/2023,Buy,BRK-B,1.0,309.15
02/15/2023,Buy,ANET,96,141.52
02/16/2023,Buy,PTLC,2.0,38.0823
02/16/2023,Buy,SCHD,1.0,76.88
02/16/2023,Sell,ANET,94,141.37
02/17/2023,Buy,PTLC,2.0,37.47
02/17/2023,Buy,FNSFX,72.57,11.77
02/21/2023,Buy,SCHD,1.0,75.6665
02/21/2023,Buy,PTLC,1.0,37.0964
02/21/2023,Buy,DIA,1.0,332.75
02/21/2023,Buy,BRK-B,1.0,302.61
02/21/2023,Buy,WM,1.0,152.6032
02/21/2023,Buy,SCI,1.0,70.935
02/21/2023,Buy,ANET,47,134.53
02/22/2023,Buy,SCHD,1.0,74.915
02/23/2023,Buy,SCI,1.0,69.835
02/23/2023,Buy,WM,1.0,150.23
02/23/2023,Buy,SCI,1.0,69.85
02/23/2023,Buy,DIA,1.0,328.35
02/23/2023,Buy,BRK-B,1.0,300.65
02/23/2023,Sell,NVDA,4.0,235.245
02/23/2023,Sell,ANET,44,134.74
02/23/2023,Buy,FNSFX,1.831,11.61
02/24/2023,Buy,SCI,2.0,68.8753
02/24/2023,Buy,DIA,1.0,327.92
02/24/2023,Buy,SCHD,2.0,74.66
02/24/2023,Buy,PTLC,4.0,36.6345
02/27/2023,Buy,SCI,1.0,68.195
03/02/2023,Sell,CRM,4.0,186.67
03/02/2023,Buy,SCI,1.0,66.99
03/03/2023,Buy,FNSFX,72.818,11.73
03/06/2023,Buy,SCI,2.0,67.29
03/07/2023,Buy,DIA,1.0,331.455
03/07/2023,Buy,PTLC,3.0,37.155
03/07/2023,Buy,SCHD,2.0,74.745
03/07/2023,Buy,SCI,1.0,66.7
03/07/2023,Buy,WM,1.0,149.0686
03/08/2023,Buy,SCHD,1.0,73.96
03/08/2023,Buy,SCI,1.0,65.87
03/09/2023,Buy,PTLC,3.0,36.44
03/09/2023,Buy,BRK-B,1.0,306.275
03/09/2023,Buy,DIA,1.0,324.495
03/09/2023,Buy,SCHD,1.0,73.1791
03/09/2023,Buy,SCHD,1.0,73.6069
03/09/2023,Buy,BRK-B,1.0,309.165
03/09/2023,Buy,DIA,1.0,319.45
03/09/2023,Buy,PTLC,4.0,35.7
03/09/2023,Buy,SCHD,2.0,71.875
03/09/2023,Buy,SCI,2.0,64.5482
03/09/2023,Sell,FNSFX,0.475,11.39
03/12/2023,Buy,SCHD,1.0,71.405
03/12/2023,Buy,SCI,1.0,64.045
03/14/2023,Sell,CRM,2.0,182.0459
03/14/2023,Buy,FNSFX,2.27,11.35
03/15/2023,Buy,BRK-B,1.0,295.97
03/15/2023,Sell,MSFT,1.0,264.165
03/15/2023,Buy,BRK-B,1.0,296.04
03/15/2023,Buy,SCHD,1.0,70.446
03/15/2023,Buy,PTLC,2.0,35.755
03/16/2023,Sell,CRM,2.0,186.6535
03/17/2023,Buy,BRK-B,1.0,295.145
03/17/2023,Buy,SCHD,1.0,70.6999
03/17/2023,Buy,FNSFX,75.992,11.24
03/23/2023,Buy,VTSAX,0.28,95.3000
03/27/2023,Buy,SCHD,0.16763,71.1400
03/29/2023,Sell,CRM,2.0,194.74
03/30/2023,Buy,BRK-B,1.0,303.7662
03/31/2023,Buy,SCI,0.18521,68.7800
03/31/2023,Buy,FNSFX,72.447,11.79
04/12/2023,Sell,CRM,1.0,191.065
04/14/2023,Sell,CRM,2.0,191.85
04/14/2023,Buy,SCHD,1.0,73.355
04/14/2023,Buy,DIA,1.0,337.7582
04/14/2023,Buy,FNSFX,71.717,11.91
04/17/2023,Sell,CRM,1.0,196.51
04/18/2023,Sell,CRM,1.0,198.305
04/18/2023,Buy,SCI,2.0,70.84
04/18/2023,Buy,SCHD,1.0,73.855
04/19/2023,Buy,SCHD,1.0,73.675
04/19/2023,Buy,PTLC,2.0,38.3899
04/20/2023,Buy,SCHD,2.0,73.245
04/20/2023,Buy,PTLC,3.0,38.2399
04/20/2023,Buy,SCI,1.0,70.2885
04/21/2023,Sell,CRM,1.0,198.735
04/21/2023,Buy,SCHD,1.0,73.0491
04/25/2023,Buy,SCHD,1.0,72.505
04/25/2023,Buy,PTLC,2.0,37.96
04/26/2023,Sell,CRM,2.0,192.7617
04/26/2023,Buy,SCHD,2.0,71.425
04/26/2023,Buy,WM,1.0,163.7825
04/26/2023,Sell,QQQ,1.0,313.5413
04/26/2023,Buy,BRK-B,1.0,321.125
04/26/2023,Buy,PTLC,2.0,37.5489
04/27/2023,Sell,CRM,6.0,196.91
04/27/2023,Sell,QQQ,3.0,320.4211
04/27/2023,Buy,WM,2.0,161.72
04/27/2023,Buy,SCI,1.0,70.0666
04/28/2023,Sell,QQQ,1.0,321.6511
04/28/2023,Buy,FNSFX,71.537,11.94
05/02/2023,Buy,BRK-B,2.0,324.09
05/02/2023,Buy,PTLC,6.0,37.9699
05/02/2023,Buy,DIA,1.0,335.1565
05/02/2023,Buy,SCI,5.0,67.925
05/02/2023,Buy,SCHD,4.0,70.765
05/02/2023,Buy,SCHD,2.0,70.6497
05/02/2023,Buy,SCI,1.0,67.0131
05/02/2023,Buy,SCI,1.0,67.0118
05/05/2023,Sell,QQQ,3.0,321.1001
05/05/2023,Sell,SPY,1.0,410.645
05/05/2023,Sell,VOO,1.0,377.37
05/08/2023,Buy,SCHD,3.0,70.695
05/08/2023,Sell,VTSAX,3.008,99.73
05/09/2023,Buy,PTLC,2.0,38.217
05/09/2023,Buy,SCHD,2.0,70.345
05/10/2023,Sell,QQQ,2.0,325.455
05/10/2023,Buy,BRK-B,1.0,325.84
05/10/2023,Buy,BRK-B,1.0,321.3038
05/10/2023,Buy,DIA,1.0,333.33
05/10/2023,Buy,SCHD,3.0,69.725
05/10/2023,Buy,PTLC,3.0,38.1044
05/10/2023,Buy,BRK-B,1.0,321.3294
05/11/2023,Buy,SCI,4.0,65.565
05/11/2023,Buy,SCHD,4.0,69.615
05/11/2023,Buy,PTLC,3.0,38.185
05/12/2023,Sell,QQQ,1.0,326.73
05/12/2023,Buy,WM,1.0,168.9385
05/12/2023,Buy,SCI,2.0,65.5783
05/12/2023,Buy,FNSFX,37.522,11.74
05/12/2023,Buy,FNSFX,72.756,11.74
05/15/2023,Buy,SCI,1.0,65.58
05/15/2023,Sell,QQQ,1.0,326.455
05/15/2023,Buy,SCI,2.0,65.6948
05/16/2023,Buy,SCHD,2.0,69.545
05/16/2023,Sell,QQQ,1.0,328.775
05/16/2023,Buy,DIA,1.0,331.72
05/17/2023,Sell,QQQ,2.0,330.655
05/17/2023,Sell,SPY,1.0,414.99
05/17/2023,Sell,VOO,2.0,381.29
05/17/2023,Buy,WM,1.0,166.965
05/17/2023,Buy,WM,1.0,166.305
05/18/2023,Buy,WM,2.0,164.0124
05/18/2023,Buy,DIA,1.0,333.33
05/18/2023,Buy,SCI,1.0,65.1535
05/18/2023,Buy,SCHD,2.0,69.935
05/18/2023,Buy,WM,1.0,163.9738
05/18/2023,Sell,QQQ,2.0,335.165
05/18/2023,Buy,WM,1.0,163.975
05/18/2023,Buy,SCI,1.0,65.11
05/18/2023,Sell,VOO,1.0,383.26
05/18/2023,Sell,SPY,1.0,416.905
05/18/2023,Sell,VTSAX,4.453,101.32
05/18/2023,Sell,VTSAX,3.0,101.32
05/19/2023,Buy,PTLC,3.0,38.8677
05/19/2023,Buy,DIA,1.0,334.06
05/19/2023,Sell,SPY,1.0,420.2
05/19/2023,Sell,VOO,1.0,385.98
05/19/2023,Sell,QQQ,1.0,337.54
05/19/2023,Sell,VTSAX,3.0,101.1
05/22/2023,Buy,WM,1.0,164.1
05/22/2023,Buy,SCI,1.0,64.975
05/22/2023,Buy,DIA,1.0,333.16
05/22/2023,Buy,BRK-B,1.0,329.9
05/22/2023,Buy,SCI,1.0,65.085
05/22/2023,Buy,SCI,1.0,65.04
05/22/2023,Buy,SCI,1.0,64.97
05/22/2023,Sell,QQQ,1.0,337.73
05/22/2023,Buy,ANET,45,145.37
05/23/2023,Buy,SCI,6.0,62.83
05/23/2023,Buy,WM,2.0,163.2782
05/23/2023,Buy,BRK-B,2.0,325.7769
05/23/2023,Buy,PTLC,10.0,38.63
05/23/2023,Buy,PTLC,5.0,38.63
05/23/2023,Buy,DIA,1.0,332.0189
05/23/2023,Buy,AAPL,1.0,171.81
05/23/2023,Buy,BRK-B,1.0,324.335
05/24/2023,Sell,ANET,20,141.00
05/25/2023,Sell,VTSAX,4.0,100.09
05/25/2023,Sell,QQQ,5.0,339.965
05/25/2023,Sell,SPY,1.0,414.7501
05/25/2023,Sell,VOO,1.0,381.03
05/25/2023,Buy,BRK-B,1.0,318.87
05/25/2023,Buy,WM,1.0,162.069
05/25/2023,Buy,DIA,1.0,327.44
05/25/2023,Buy,SCHD,2.0,69.59
05/25/2023,Buy,SCI,2.0,63.195
05/25/2023,Sell,ANET,25,156.01
05/26/2023,Buy,WM,1.0,161.245
05/26/2023,Sell,QQQ,3.0,348.265
05/26/2023,Sell,SPY,2.0,419.965
05/26/2023,Sell,QQQ,1.0,348.3519
05/26/2023,Sell,VOO,2.0,385.8909
05/26/2023,Sell,VTSAX,8.0,101.41
05/26/2023,Buy,FNSFX,72.019,11.86
05/30/2023,Buy,SCHD,1.0,69.985
05/30/2023,Sell,QQQ,1.0,351.58
05/30/2023,Sell,QQQ,1.0,351.59
05/30/2023,Buy,DIA,1.0,329.6184
05/30/2023,Buy,SCHD,2.0,70.165
05/30/2023,Buy,PTLC,4.0,39.0179
05/31/2023,Buy,BRK-B,1.0,320.0278
05/31/2023,Buy,PTLC,15.0,38.6978
05/31/2023,Buy,DIA,1.0,328.31
05/31/2023,Buy,SCHD,4.0,69.5958
05/31/2023,Buy,SCI,12.0,63.479
05/31/2023,Buy,SCI,2.0,63.4876
06/01/2023,Sell,QQQ,2.0,351.585
06/01/2023,Sell,SPY,2.0,421.6429
06/01/2023,Sell,VOO,2.0,387.3618
06/01/2023,Sell,VTSAX,8.0,101.84
06/02/2023,Sell,VTSAX,8.0,103.55
06/02/2023,Sell,QQQ,2.0,354.9419
06/02/2023,Sell,SPY,2.0,427.605
06/02/2023,Sell,VOO,2.0,392.945
06/05/2023,Sell,VTSAX,1.0,103.26
06/05/2023,Buy,BRK-B,1.0,328.5543
06/05/2023,Buy,PTLC,10.0,39.695
06/05/2023,Buy,SCI,2.0,63.435
06/05/2023,Buy,SCHD,2.0,70.7784
06/05/2023,Sell,QQQ,2.0,357.182
06/05/2023,Buy,SCI,4.0,63.8976
06/05/2023,Buy,SCHD,2.0,71.065
06/05/2023,Buy,DIA,1.0,337.2197
06/06/2023,Buy,WM,2.0,163.8
06/06/2023,Sell,VTSAX,1.0,103.74
06/06/2023,Buy,PTLC,1.0,39.6299
06/06/2023,Buy,WM,2.0,162.33
06/06/2023,Buy,SCHD,1.0,70.6233
06/07/2023,Buy,PTLC,5.0,39.6897
06/07/2023,Buy,WM,1.0,162.699
06/07/2023,Sell,VTSAX,2.0,103.5
06/08/2023,Buy,MSFT,0.04599,325.2600
06/08/2023,Buy,SCI,3.0,64.6565
06/08/2023,Sell,SPY,1.0,428.725
06/08/2023,Sell,VOO,1.0,393.9206
06/08/2023,Sell,VTSAX,4.0,104.05
06/08/2023,Buy,SCI,1.0,64.6876
06/09/2023,Buy,SCHD,1.0,71.7289
06/09/2023,Buy,SCI,1.0,64.12
06/09/2023,Sell,FNSFX,0.41,12.1
06/09/2023,Buy,FNSFX,70.649,12.09
06/12/2023,Buy,SCI,1.0,64.27
06/12/2023,Buy,WM,1.0,162.17
06/12/2023,Sell,VOO,1.0,396.5136
06/12/2023,Sell,SPY,1.0,431.412
06/12/2023,Buy,BRK-B,1.0,332.705
06/12/2023,Sell,VTSAX,1.0,105.03
06/12/2023,Sell,VTSAX,2.0,105.03
06/12/2023,Buy,BRK-B,1.0,334.51
06/13/2023,Sell,VOO,1.0,401.3
06/13/2023,Sell,SPY,1.0,436.6731
06/13/2023,Buy,WM,1.0,162.558
06/13/2023,Sell,VTSAX,4.0,105.84
06/14/2023,Buy,SCI,3.0,66.03
06/14/2023,Buy,DIA,1.0,341.0097
06/14/2023,Buy,SCHD,1.0,72.485
06/14/2023,Buy,SCI,1.0,66.0288
06/14/2023,Buy,SCHD,1.0,72.3685
06/14/2023,Buy,FNSFX,2.376,12.26
06/15/2023,Sell,VTSAX,8.0,107.14
06/15/2023,Sell,SPY,1.0,441.7801
06/15/2023,Sell,VOO,2.0,405.9116
06/15/2023,Buy,WM,0.15616,164.2000
06/15/2023,Buy,PTLC,4.0,41.0078
06/15/2023,Buy,BRK-B,1.0,339.09
06/15/2023,Buy,TSLA,3.9e-05,251.1
06/15/2023,Buy,META,0.091659,272.75
06/15/2023,Buy,TSLA,0.975668,251.1
06/15/2023,Buy,SH,46.92041,14.28
06/15/2023,Buy,SJB,2.432432,18.5
06/15/2023,Buy,TSLA,0.0206,260.54
06/16/2023,Sell,SH,20.0,14.02
06/16/2023,Sell,SH,0.304456,14.02
06/16/2023,Buy,AAPL,0.163399,185.44
06/16/2023,Buy,RWM,2.0,23.02
06/16/2023,Buy,RWM,0.129046,23.02
06/16/2023,Buy,BSX,0.38465,54.46
06/16/2023,Buy,AMZN,0.237255,125.94
06/16/2023,Buy,MSFT,0.060806,346.51
06/16/2023,Buy,QQQ,0.139123,370.03
06/16/2023,Buy,JPM,0.139132,143.46
06/16/2023,Buy,META,0.129763,281.59
06/16/2023,Buy,V,0.087614,227.48
06/16/2023,Buy,SJB,0.201698,18.48
06/16/2023,Buy,SJB,0.250264,18.48
06/16/2023,Buy,GLD,0.161323,182.0
06/16/2023,Buy,WMT,0.129465,157.03
06/16/2023,Buy,SJB,0.812787,18.46
06/16/2023,Sell,TSLA,0.300578,257.94
06/16/2023,Buy,TMUS,0.189063,131.49
06/16/2023,Buy,SOXL,1,25.32
06/16/2023,Buy,JEPI,4,54.61
06/20/2023,Buy,DIA,1.0,341.33
06/20/2023,Buy,PTLC,15.0,40.655
06/20/2023,Buy,DIA,2.0,339.885
06/20/2023,Buy,SCI,4.0,65.7081
06/20/2023,Buy,SCHD,8.0,72.74
06/21/2023,Buy,PTLC,4.0,40.65
06/21/2023,Buy,PTLC,2.0,40.6577
06/21/2023,Buy,SCHD,1.0,71.8663
06/22/2023,Buy,BRK-B,1.0,336.86
06/22/2023,Buy,SCHD,4.0,71.5294
06/22/2023,Buy,SCI,6.0,65.05
06/23/2023,Buy,VTSAX,0.022,104.6200
06/23/2023,Buy,PTLC,10.0,40.5289
06/23/2023,Buy,WM,4.0,166.035
06/23/2023,Buy,BRK-B,1.0,336.2975
06/23/2023,Buy,DIA,1.0,338.0395
06/23/2023,Buy,SCHD,5.0,70.9942
06/23/2023,Buy,SCI,7.0,64.2584
06/23/2023,Sell,VOO,1.0,399.3
06/23/2023,Sell,VTSAX,3.0,104.62
06/23/2023,Buy,SH,0.530158,14.18
06/23/2023,Buy,SH,1.0,14.18
06/23/2023,Buy,SH,2.0,14.18
06/23/2023,Buy,MCD,0.17074,290.85
06/23/2023,Buy,LEN,0.411058,121.54
06/23/2023,Buy,OSW,0.305143,11.47
06/23/2023,Buy,OSW,3.997037,11.48
06/23/2023,Buy,RYI,0.99868,39.64
06/23/2023,Buy,CFLT,0.999742,33.05
06/23/2023,Buy,CWH,1.742644,28.21
06/23/2023,Buy,RYI,0.240969,39.59
06/23/2023,Buy,THO,0.517622,94.62
06/23/2023,Buy,RDN,1.925364,25.14
06/23/2023,Buy,KKR,0.889998,54.09
06/23/2023,Buy,NATI,0.875447,57.21
06/23/2023,Buy,CFLT,0.488421,33.04
06/23/2023,Buy,CBZ,0.923336,54.39
06/23/2023,Buy,NVDA,0.118247,425.12
06/23/2023,Buy,SH,6.487839,14.18
06/23/2023,Buy,DICE,1.081086,46.56
06/23/2023,Buy,GLD,1.943515,179.7
06/23/2023,Buy,SLV,5.838374,20.66
06/23/2023,Buy,SLV,0.001452,20.66
06/23/2023,Buy,MSFT,0.324024,334.64
06/23/2023,Buy,SH,0.002115,14.18
06/23/2023,Buy,OXY,0.648663,55.92
06/23/2023,Buy,LH,0.651124,233.98
06/23/2023,Buy,VERA,3.0,16.56
06/23/2023,Buy,ACLS,0.310335,166.76
06/23/2023,Buy,CVLG,0.238745,41.76
06/23/2023,Buy,CVLG,0.996076,41.92
06/23/2023,Buy,VRTX,0.147096,345.56
06/23/2023,Buy,LLY,0.110883,456.34
06/23/2023,Buy,RMBS,0.848148,59.4
06/23/2023,Buy,VERA,0.144323,16.56
06/23/2023,Buy,FBCGX,36.316,23.52
06/26/2023,Buy,SCHD,0.71491,71.0700
06/26/2023,Buy,BRK-B,2.0,332.435
06/26/2023,Buy,PTLC,5.0,40.29
06/27/2023,Sell,VOO,1.0,402.325
06/27/2023,Sell,VTSAX,2.845,105.53
06/27/2023,Sell,VOO,1.0,400.855
06/28/2023,Buy,BRK-B,1.0,333.105
06/28/2023,Buy,PTLC,2.0,40.595
06/28/2023,Buy,PTLC,3.0,40.5591
06/28/2023,Buy,WM,2.0,167.42
06/28/2023,Buy,DIA,1.0,338.37
06/28/2023,Buy,SCHD,5.0,71.3883
06/28/2023,Buy,GLD,0.083551,177.26
06/28/2023,Buy,CELU,202.0,0.52
06/29/2023,Sell,VOO,1.0,401.925
06/30/2023,Buy,NVDA,0.00152,423.0200
06/30/2023,Buy,SCI,0.44751,64.5900
06/30/2023,Sell,VOO,3.0,407.7516
07/03/2023,Buy,FTRE,0.651124,33.04
07/05/2023,Buy,VOO,0.01546,407.1500
07/05/2023,Buy,WM,3.0,170.99
07/05/2023,Buy,PTLC,3.0,41.2889
07/05/2023,Buy,SCI,2.0,64.5156
07/05/2023,Buy,BRK-B,1.0,340.2695
07/05/2023,Buy,DIA,1.0,342.8085
07/05/2023,Buy,SCHD,6.0,72.6274
07/05/2023,Buy,SCI,6.0,64.3575
07/05/2023,Sell,RYI,1.0,42.33
07/05/2023,Sell,OSW,4.0,11.79
07/05/2023,Sell,CWH,1.742644,29.72
07/05/2023,Sell,RDN,1.925364,25.05
07/05/2023,Sell,RYI,0.239649,42.33
07/05/2023,Sell,OSW,0.30218,11.8
07/05/2023,Buy,MSFT,0.295403,338.52
07/05/2023,Buy,MCD,0.152594,296.34
07/05/2023,Buy,DHR,0.421059,237.5
07/05/2023,Buy,LLY,0.096904,464.38
07/05/2023,Buy,DVN,1.96302,48.4
07/05/2023,Buy,KKR,0.80957,55.59
07/05/2023,Buy,NVDA,0.117325,426.16
07/05/2023,Sell,LEN,0.411058,125.54
07/05/2023,Sell,THO,0.517622,102.76
07/05/2023,Sell,CFLT,0.488163,34.24
07/05/2023,Sell,CFLT,1.0,34.23
07/05/2023,Sell,VRTX,0.147096,347.33
07/05/2023,Sell,ACLS,0.310335,179.82
07/05/2023,Sell,VERA,0.144323,16.19
07/05/2023,Sell,VERA,3.0,16.1
07/05/2023,Sell,SH,3.528566,13.91
07/05/2023,Sell,SH,0.000718,13.91
07/05/2023,Sell,SH,0.00072,13.88
07/05/2023,Sell,CVLG,1.0,44.01
07/05/2023,Sell,CVLG,0.234821,44.32
07/05/2023,Sell,RMBS,0.848148,63.56
07/05/2023,Sell,CBZ,0.923336,53.27
07/05/2023,Sell,NATI,0.875447,57.21
07/05/2023,Sell,DICE,0.081086,46.44
07/05/2023,Sell,DICE,1.0,46.44
07/06/2023,Buy,BRK-B,1.0,339.69
07/06/2023,Buy,SCI,3.0,63.85
07/06/2023,Sell,VOO,0.01546,401.63
07/06/2023,Buy,PTLC,30.0,40.75
07/06/2023,Buy,DIA,2.0,338.0086
07/06/2023,Buy,SCHD,15.0,71.6694
07/06/2023,Buy,MNST,1.813564,56.78
07/06/2023,Buy,UNP,0.498155,201.92
07/06/2023,Buy,SBUX,0.04303,96.21
07/06/2023,Buy,SBUX,0.999923,96.22
07/07/2023,Buy,WM,2.0,170.83
07/10/2023,Buy,FBCGX,41.923,23.97
07/11/2023,Buy,WM,2.0,169.58
07/11/2023,Buy,CP,1.0,78.16
07/11/2023,Buy,CP,0.340113,78.16
07/11/2023,Buy,HLT,0.811118,154.1
07/11/2023,Buy,QSR,1.999335,75.24
07/11/2023,Buy,QSR,0.132686,75.22
07/11/2023,Buy,GEO,2.998599,7.14
07/11/2023,Buy,NOV,1.0,17.4
07/11/2023,Buy,NOV,0.241736,17.4
07/11/2023,Buy,V,0.11899,238.68
07/11/2023,Buy,GEO,0.463209,7.14
07/11/2023,Buy,CVS,0.295373,70.25
07/11/2023,Buy,COHR,0.085603,51.4
07/11/2023,Buy,CI,0.217277,279.55
07/11/2023,Buy,LILAK,6.949879,8.51
07/11/2023,Buy,REK,1.300685,19.7
07/11/2023,Buy,COHR,1.0,51.4
07/11/2023,Buy,WAL,0.075625,37.95
07/11/2023,Buy,WAL,0.000791,37.92
07/11/2023,Buy,WAL,1.0,37.92
07/11/2023,Buy,CTRA,1.300561,25.84
07/11/2023,Buy,DVN,0.419215,49.86
07/11/2023,Buy,HBAN,1.595987,10.96
07/11/2023,Buy,PACW,0.147551,8.06
07/11/2023,Buy,PACW,1.99933,8.07
07/11/2023,Buy,COF,0.64962,110.68
07/11/2023,Buy,ZM,0.870796,68.25
07/11/2023,Buy,GOOGL,0.191287,116.26
07/11/2023,Buy,SBUX,0.31456,99.34
07/11/2023,Buy,WFC,1.0,42.26
07/11/2023,Buy,META,0.120359,293.2
07/11/2023,Sell,MSFT,0.323668,329.88
07/11/2023,Sell,GLD,0.026539,179.36
07/11/2023,Sell,GLD,2.0,179.34
07/11/2023,Sell,GLD,0.000111,179.34
07/11/2023,Sell,LH,0.651124,212.05
07/11/2023,Sell,SLV,5.839826,21.22
07/11/2023,Sell,SH,0.482684,14.0
07/11/2023,Sell,SH,5.998586,14.01
07/11/2023,Sell,OXY,0.648663,59.16
07/11/2023,Buy,IEMG,0.150176,49.48
07/11/2023,Buy,IEMG,0.000202,49.47
07/11/2023,Buy,SBSW,6.928625,6.42
07/11/2023,Buy,NYCB,0.370483,11.48
07/11/2023,Buy,NYCB,6.998485,11.49
07/11/2023,Buy,IEMG,2.0,49.47
07/11/2023,Buy,BABA,0.166025,91.48
07/11/2023,Buy,MCD,0.184692,294.49
07/11/2023,Buy,WFC,0.087897,42.26
07/11/2023,Buy,SIG,0.998979,72.38
07/11/2023,Buy,IVV,0.219969,442.4
07/11/2023,Buy,JD,1.999805,36.04
07/11/2023,Buy,JD,0.183432,36.04
07/11/2023,Buy,SIG,0.087954,72.31
07/11/2023,Buy,BKI,0.999851,60.57
07/11/2023,Buy,BKI,0.299537,60.56
07/11/2023,Buy,JNJ,0.429995,159.96
07/11/2023,Buy,BABA,0.578037,91.48
07/11/2023,Buy,BABA,0.127993,91.48
07/11/2023,Buy,PG,0.594367,148.78
07/11/2023,Buy,VWO,1.664664,40.8
07/12/2023,Buy,WM,1.0,169.58
07/12/2023,Buy,COST,0.102718,535.44
07/12/2023,Buy,PDD,0.251691,73.91
07/12/2023,Buy,GLD,0.104559,181.72
07/12/2023,Buy,ABT,0.256505,107.21
07/12/2023,Buy,GOOGL,0.273011,119.78
07/12/2023,Buy,SPY,0.14674,447.12
07/12/2023,Buy,PEP,0.334555,184.13
07/12/2023,Buy,LOW,0.874185,233.36
07/12/2023,Buy,GOOG,0.703844,120.06
07/12/2023,Buy,KO,0.97128,59.72
07/12/2023,Buy,WMT,6.4e-05,155.45
07/12/2023,Buy,WMT,0.405879,155.45
07/13/2023,Buy,BRK-B,1.0,344.009
07/13/2023,Buy,WM,1.0,168.618
07/14/2023,Buy,BRK-B,1.0,341.5673
07/14/2023,Buy,PTLC,1.0,41.8476
07/14/2023,Buy,SCHD,5.0,73.35
07/14/2023,Buy,SCI,3.0,66.145
07/17/2023,Buy,DIA,0.06066,345.8500
07/17/2023,Buy,WM,1.0,168.1197
07/17/2023,Buy,SCI,2.0,66.7563
07/17/2023,Buy,SCHD,3.0,73.07
07/17/2023,Buy,SCI,10.0,65.3
07/17/2023,Buy,SH,0.000727,13.74
07/17/2023,Buy,TSLA,0.067119,290.08
07/17/2023,Sell,BKI,1.299388,69.89
07/17/2023,Buy,REAL,6.443289,2.6
07/17/2023,Buy,SH,2.628592,13.74
07/17/2023,Sell,FNSFX,5318.173,12.57
07/17/2023,Buy,FBCGX,2668.64,25.05
07/18/2023,Buy,WM,2.0,166.1105
07/18/2023,Buy,SCI,1.0,65.31
07/19/2023,Buy,BRK-B,1.0,342.99
07/19/2023,Buy,AIG,1.792173,59.52
07/19/2023,Buy,TSLA,0.049846,297.2
07/19/2023,Buy,TSLA,0.276023,297.2
07/19/2023,Buy,ALB,0.278686,235.9
07/19/2023,Buy,ALB,0.169097,235.9
07/19/2023,Sell,SBUX,0.003448,101.37
07/19/2023,Buy,MCD,0.039317,295.04
07/19/2023,Buy,CME,5.2e-05,189.67
07/19/2023,Buy,CME,0.570803,189.67
07/19/2023,Buy,TTD,1.0,87.46
07/19/2023,Sell,SBUX,1.0,101.12
07/19/2023,Buy,TSLA,0.033814,295.73
07/19/2023,Sell,NVDA,0.010899,471.64
07/19/2023,Sell,KKR,1.699568,61.86
07/19/2023,Sell,DHR,0.421059,244.44
07/19/2023,Sell,LLY,0.207787,452.24
07/19/2023,Sell,MNST,1.0,56.7
07/19/2023,Buy,TTD,0.112784,88.66
07/19/2023,Sell,SBUX,0.039505,101.12
07/19/2023,Sell,MNST,0.813564,56.7
07/19/2023,Buy,TTD,0.120905,87.46
07/20/2023,Buy,PTLC,2.0,42.14
07/20/2023,Buy,PTLC,2.0,42.109
07/20/2023,Buy,PTLC,8.0,42.22
07/21/2023,Buy,SCI,2.0,67.2
07/21/2023,Buy,FBCGX,40.733,24.67
07/24/2023,Buy,WM,1.0,171.75
07/24/2023,Buy,SCI,2.0,66.16
07/25/2023,Buy,BRK-B,1.0,347.75
07/26/2023,Buy,PTLC,2.0,42.3166
07/26/2023,Buy,WM,1.0,165.19
07/26/2023,Buy,WM,3.0,165.2
07/27/2023,Buy,SCHD,2.0,75.3175
07/27/2023,Buy,PTLC,8.0,42.2481
07/27/2023,Buy,SCI,1.0,67.02
07/27/2023,Buy,DIA,1.0,353.4
07/27/2023,Buy,WM,2.0,162.5799
07/28/2023,Buy,WM,1.0,163.19
07/31/2023,Buy,SCI,1.0,66.285
07/31/2023,Buy,MU,0.918842,71.02
07/31/2023,Buy,TROW,0.32751,126.22
07/31/2023,Buy,ALB,0.059787,209.24
07/31/2023,Buy,CHX,1.184924,35.56
07/31/2023,Buy,ROKU,0.412224,95.38
07/31/2023,Buy,GTLS,0.243358,176.16
07/31/2023,Buy,TROW,0.491478,126.15
07/31/2023,Buy,GTLS,0.367596,176.82
07/31/2023,Buy,CHX,1.84012,35.33
07/31/2023,Buy,MU,0.00014,71.02
07/31/2023,Sell,AIG,1.792173,60.68
07/31/2023,Sell,TSLA,0.001173,264.27
07/31/2023,Sell,UNP,0.498155,233.45
07/31/2023,Sell,DVN,0.005895,53.88
07/31/2023,Sell,CME,0.03786,199.64
07/31/2023,Sell,TSLA,0.358506,268.28
07/31/2023,Sell,DVN,1.956939,53.64
07/31/2023,Sell,DVN,0.000186,53.64
07/31/2023,Sell,TTD,1.233689,90.03
07/31/2023,Buy,ROKU,0.745277,94.22
08/01/2023,Buy,SCHD,3.0,75.17
08/01/2023,Buy,PTLC,3.0,42.5
08/01/2023,Buy,WM,1.0,162.97
08/01/2023,Buy,MU,0.57962,70.8
08/02/2023,Buy,SCI,1.0,63.9787
08/03/2023,Buy,WMT,0.183433,159.24
08/03/2023,Buy,COHR,7.656468,45.76
08/03/2023,Buy,WFC,6.999453,44.61
08/03/2023,Buy,WFC,0.700482,44.6
08/03/2023,Buy,ZM,6.146969,69.71
08/03/2023,Buy,WAL,7.68988,49.76
08/03/2023,Buy,LILAK,48.981208,8.08
08/03/2023,Buy,LILAK,0.248297,8.08
08/03/2023,Buy,GEO,0.703678,7.2
08/03/2023,Buy,CI,1.526668,287.79
08/03/2023,Buy,SPY,0.429761,448.5
08/03/2023,Buy,WMT,1.0,159.24
08/03/2023,Buy,PACW,15.359795,9.02
08/03/2023,Buy,PEP,0.980428,187.78
08/03/2023,Buy,SBUX,0.902608,102.37
08/03/2023,Buy,CVS,0.878256,75.04
08/03/2023,Buy,GLD,0.309972,179.44
08/03/2023,Buy,HBAN,11.380919,11.98
08/03/2023,Buy,KO,2.839828,61.72
08/03/2023,Buy,REAL,0.875751,2.5
08/03/2023,Buy,REAL,40.92,2.5
08/03/2023,Buy,COST,0.300002,554.1
08/03/2023,Buy,META,0.159951,312.6
08/03/2023,Buy,GLD,0.005566,179.66
08/03/2023,Buy,GEO,24.0,7.2
08/03/2023,Buy,PDD,0.747811,88.52
08/03/2023,Buy,DVN,2.966191,50.14
08/03/2023,Buy,ABT,0.761302,107.61
08/03/2023,Buy,V,0.345782,235.9
08/03/2023,Buy,IEMG,6.202514,50.52
08/03/2023,Buy,JNJ,0.248913,170.22
08/03/2023,Buy,IVV,0.637057,450.41
08/03/2023,Buy,JNJ,1.0,170.22
08/03/2023,Buy,COF,4.624738,112.5
08/03/2023,Buy,NYCB,0.278157,13.36
08/03/2023,Buy,NYCB,0.241498,13.36
08/03/2023,Buy,NYCB,51.990656,13.36
08/03/2023,Buy,VWO,4.791416,41.71
08/03/2023,Buy,BABA,0.135282,97.04
08/03/2023,Buy,BABA,6.0,97.04
08/03/2023,Buy,SIG,7.614174,79.23
08/03/2023,Buy,PG,1.712685,157.38
08/03/2023,Buy,NOV,7.996564,20.02
08/03/2023,Buy,BABA,0.005667,97.04
08/03/2023,Buy,GOOGL,0.804713,127.71
08/03/2023,Buy,REK,9.0,20.1
08/03/2023,Buy,REK,0.084846,20.1
08/03/2023,Buy,NOV,0.876342,20.02
08/03/2023,Buy,CTRA,0.245442,27.16
08/03/2023,Buy,MCD,0.535186,289.23
08/03/2023,Buy,SBSW,48.833456,6.76
08/03/2023,Buy,JD,14.989413,39.25
08/03/2023,Buy,JD,0.367159,39.22
08/03/2023,Buy,CTRA,9.0,27.16
08/04/2023,Buy,FBCGX,40.966,24.53
08/08/2023,Sell,ANET,45,180.52
08/10/2023,Sell,COST,1.0,562.2674
08/10/2023,Sell,COST,6.0,562.15
08/10/2023,Buy,VT,1.0,97.795
08/10/2023,Buy,LOW,0.004312,222.62
08/11/2023,Buy,BOXX,20.0,102.935
08/11/2023,Buy,PTLC,6.0,41.395
08/11/2023,Buy,VT,5.0,97.1794
08/14/2023,Buy,DIA,0.02663,353.2100
08/14/2023,Sell,NVDA,1.0,434.7011
08/14/2023,Sell,AAPL,1.0,179.185
08/14/2023,Sell,NVDA,8.0,430.8434
08/14/2023,Sell,AAPL,2.0,179.14
08/14/2023,Sell,MSFT,1.0,322.381
08/14/2023,Buy,BOXX,10.0,102.96
08/14/2023,Buy,VT,1.0,97.3495
08/14/2023,Sell,SIG,1.290801,77.76
08/14/2023,Sell,PACW,17.506676,8.4
08/14/2023,Sell,SIG,0.002443,77.76
08/14/2023,Sell,NOV,10.114642,20.66
08/14/2023,Sell,LILAK,0.179384,9.14
08/14/2023,Sell,LILAK,56.0,9.13
08/14/2023,Sell,COHR,0.742071,46.56
08/14/2023,Sell,COHR,8.0,46.55
08/14/2023,Buy,PSQ,0.029149,10.64
08/14/2023,Buy,SH,298.938601,13.92
08/14/2023,Sell,WAL,8.766296,51.19
08/14/2023,Sell,HBAN,12.976906,11.75
08/14/2023,Sell,ZM,0.017765,67.34
08/14/2023,Sell,ZM,7.0,67.34
08/14/2023,Buy,PSQ,0.085325,10.66
08/14/2023,Buy,PSQ,139.993436,10.67
08/14/2023,Buy,EXPE,0.469383,110.8
08/14/2023,Buy,CHTR,0.117266,426.38
08/14/2023,Sell,SIG,1.0,77.76
08/14/2023,Buy,PSQ,93.966424,10.64
08/14/2023,Sell,SIG,5.0,77.76
08/14/2023,Sell,CI,0.614806,290.73
08/14/2023,Sell,REK,10.385531,20.16
08/14/2023,Sell,BABA,0.013004,93.79
08/14/2023,Sell,BABA,7.0,93.79
08/14/2023,Sell,NYCB,59.879279,12.62
08/14/2023,Sell,SBSW,55.762081,6.4
08/14/2023,Sell,COF,0.274358,108.96
08/14/2023,Sell,SIG,1.0,77.76
08/14/2023,Sell,CTRA,0.546003,27.92
08/14/2023,Sell,CTRA,10.0,27.91
08/14/2023,Sell,WFC,8.787832,43.82
08/14/2023,Sell,COF,5.0,108.94
08/14/2023,Sell,JD,0.539809,36.68
08/14/2023,Sell,GEO,28.165486,7.42
08/14/2023,Buy,PSQ,0.037071,10.66
08/14/2023,Sell,REAL,48.0,2.47
08/14/2023,Sell,REAL,0.23904,2.48
08/14/2023,Buy,PSQ,90.959492,10.66
08/14/2023,Sell,DVN,0.385406,50.02
08/14/2023,Sell,CI,1.0,290.61
08/14/2023,Sell,JD,17.0,36.67
08/14/2023,Sell,DVN,3.0,50.02
08/14/2023,Buy,HHH,1.4016,74.17
08/15/2023,Sell,NVDA,1.0,443.48
08/15/2023,Sell,NVDA,0.00152,443.725
08/15/2023,Buy,BOXX,5.0,102.975
08/15/2023,Buy,BOXX,4.0,102.9795
08/15/2023,Buy,VT,1.0,96.295
08/15/2023,Buy,VT,2.0,96.6168
08/15/2023,Sell,SJB,3.697181,18.34
08/15/2023,Sell,SH,0.00431,13.92
08/15/2023,Sell,SH,13.964811,13.92
08/15/2023,Sell,TSLA,8.3e-05,239.82
08/15/2023,Sell,TSLA,0.437931,239.82
08/15/2023,Sell,GLD,0.161323,176.56
08/15/2023,Sell,V,0.08722,242.38
08/15/2023,Sell,WMT,0.128919,160.56
08/15/2023,Buy,MSFT,0.069508,323.7
08/15/2023,Sell,RWM,0.129046,22.75
08/15/2023,Buy,VTLE,4.0,54.75
08/15/2023,Buy,SIG,2.704308,77.61
08/15/2023,Buy,WBD,13.646351,13.38
08/15/2023,Buy,GEO,0.040187,7.46
08/15/2023,Buy,GEO,21.986746,7.47
08/15/2023,Buy,GNRC,0.017166,110.68
08/15/2023,Buy,GNRC,1.999096,110.73
08/15/2023,Buy,REAL,0.173277,2.4
08/15/2023,Buy,REAL,55.0,2.4
08/15/2023,Buy,JPM,0.230753,151.07
08/15/2023,Buy,ADBE,0.106039,518.11
08/15/2023,Buy,NVDA,0.106764,441.44
08/15/2023,Buy,GOOG,0.161407,130.72
08/15/2023,Buy,MGM,5.535777,45.28
08/15/2023,Sell,TROW,0.818988,110.79
08/15/2023,Sell,ROKU,0.157501,82.96
08/15/2023,Sell,AAPL,0.163399,179.32
08/15/2023,Buy,PSN,0.999469,55.64
08/15/2023,Buy,PSN,0.74393,55.61
08/15/2023,Buy,TREX,1.336362,74.83
08/15/2023,Buy,WM,0.198517,159.57
08/15/2023,Buy,WM,0.428167,159.57
08/15/2023,Buy,VTLE,0.595251,54.75
08/15/2023,Buy,XOM,0.921525,108.52
08/15/2023,Sell,MU,1.498602,65.92
08/15/2023,Sell,CHX,0.14816,36.09
08/15/2023,Sell,GTLS,0.610954,164.08
08/15/2023,Sell,ALB,0.50757,183.76
08/15/2023,Sell,CME,0.029885,204.78
08/15/2023,Sell,ROKU,1.0,82.96
08/15/2023,Buy,ABT,0.948856,105.39
08/15/2023,Buy,CI,0.881375,290.28
08/15/2023,Buy,SHW,0.164869,276.22
08/15/2023,Buy,EXPE,0.574838,109.77
08/15/2023,Sell,PSQ,120.754749,10.64
08/15/2023,Sell,SH,111.684021,13.92
08/15/2023,Buy,EXPE,0.653769,110.36
08/15/2023,Sell,PDD,0.999502,79.87
08/15/2023,Sell,WMT,0.135525,159.97
08/15/2023,Sell,GLD,0.414531,176.48
08/15/2023,Buy,CHTR,0.129965,427.34
08/15/2023,Buy,IVV,0.110385,448.43
08/15/2023,Sell,VWO,0.006055,40.34
08/15/2023,Sell,META,0.28031,304.18
08/15/2023,Sell,CVS,1.0,73.92
08/15/2023,Sell,CVS,0.173629,73.92
08/15/2023,Buy,EXPE,2.0,109.77
08/15/2023,Sell,RWM,2.0,22.75
08/15/2023,Sell,VWO,2.0,40.34
08/15/2023,Sell,LOW,0.18545,224.7
08/15/2023,Buy,MCD,0.051942,288.78
08/15/2023,Buy,TMUS,0.318898,139.14
08/15/2023,Buy,MSFT,0.162132,324.18
08/15/2023,Buy,LILAK,15.992853,9.18
08/15/2023,Buy,ISRG,0.182471,308.76
08/15/2023,Buy,MCD,0.17584,287.59
08/15/2023,Buy,SBUX,0.32372,100.21
08/15/2023,Buy,KO,0.846325,60.62
08/15/2023,Buy,PG,0.309678,155.13
08/15/2023,Buy,LILAK,0.377111,9.18
08/15/2023,Buy,IVV,0.173692,448.09
08/15/2023,Buy,CI,0.156809,288.95
08/15/2023,Buy,AMZN,0.179985,139.9
08/15/2023,Buy,AMZN,0.052514,139.88
08/15/2023,Buy,CHTR,0.674982,427.69
08/15/2023,Buy,BSX,0.97654,51.36
08/15/2023,Buy,IEMG,1.810558,48.78
08/15/2023,Buy,ANET,54,179.65
08/16/2023,Buy,VT,2.0,95.9466
08/16/2023,Buy,PG,0.003619,154.7
08/16/2023,Buy,ABT,0.001236,105.17
08/16/2023,Sell,NVDA,0.009258,443.91
08/16/2023,Buy,CVS,3.66829,73.43
08/16/2023,Sell,MCD,0.020135,288.54
08/16/2023,Sell,ANET,54,181.62
08/16/2023,Sell,ANET,93,181.59
08/16/2023,Buy,FXAIX,1.299,153.09
08/17/2023,Buy,AAPL,0.08915,174.0000
08/17/2023,Buy,VT,1.0,95.525
08/17/2023,Buy,GLD,0.402007,175.32
08/18/2023,Buy,BOXX,5.0,103.05
08/18/2023,Sell,AAPL,1.0,174.71
08/18/2023,Buy,BOXX,2.0,103.0688
08/18/2023,Buy,VT,1.0,94.945
08/18/2023,Buy,MSFT,0.031781,314.65
08/18/2023,Buy,MCD,0.035362,283.36
08/18/2023,Buy,ABT,0.095946,104.22
08/18/2023,Buy,PSN,0.235166,55.28
08/18/2023,Buy,CHX,0.292662,35.15
08/18/2023,Sell,TREX,1.0,67.67
08/18/2023,Buy,XOM,0.091612,109.16
08/18/2023,Buy,CME,0.048824,204.82
08/18/2023,Sell,TREX,0.336362,67.67
08/18/2023,Buy,GLD,0.058121,175.83
08/18/2023,Buy,WM,0.062776,159.3
08/18/2023,Buy,FBCGX,42.401,23.7
08/21/2023,Sell,NVDA,1.0,461.0271
08/21/2023,Buy,BRK-B,1.0,351.1527
08/21/2023,Buy,SCHD,10.0,73.3564
08/21/2023,Buy,BRK-B,1.0,353.7
08/21/2023,Buy,VT,2.0,95.165
08/21/2023,Buy,NVDA,0.022191,442.52
08/21/2023,Buy,ANET,42,184.67
08/22/2023,Buy,BRK-B,1.0,350.555
08/22/2023,Buy,SCHD,5.0,73.1133
08/22/2023,Buy,PTLC,3.0,40.825
08/22/2023,Buy,BOXX,3.0,103.1
08/22/2023,Sell,AAPL,1.0,177.3007
08/22/2023,Buy,BRK-B,1.0,349.7536
08/22/2023,Buy,SCHD,3.0,72.9993
08/22/2023,Buy,PTLC,5.0,40.755
08/22/2023,Buy,VT,3.0,95.275
08/22/2023,Buy,VT,30.0,95.38
08/22/2023,Buy,VT,1.0,95.145
08/22/2023,Sell,ANET,42,188.02
08/23/2023,Sell,AAPL,1.0,181.305
08/23/2023,Buy,BOXX,2.0,103.11
08/23/2023,Sell,ANET,47,190.29
08/24/2023,Buy,SCHD,5.0,73.2178
08/24/2023,Buy,PTLC,20.0,40.9579
08/24/2023,Sell,NVDA,1.0,484.7847
08/24/2023,Buy,VT,50.0,95.5697
08/24/2023,Buy,VT,5.0,95.5458
08/25/2023,Sell,AAPL,1.0,178.7006
08/25/2023,Sell,AAPL,0.08915,178.7
08/25/2023,Buy,VT,47.0,95.47
08/28/2023,Buy,DIS,8.0,84.51
08/28/2023,Sell,DIA,1.0,346.1331
08/28/2023,Buy,DIS,4.0,84.605
08/28/2023,Buy,SBUX,0.006698,97.03
08/28/2023,Buy,SIG,0.003573,69.95
08/29/2023,Sell,NVDA,1.0,488.15
08/29/2023,Buy,DIS,4.0,84.27
08/29/2023,Buy,DIS,1.0,84.2769
08/29/2023,Sell,AAPL,1.0,183.79
08/29/2023,Buy,WRB,1.0,61.32
08/29/2023,Buy,OKE,0.355564,65.24
08/29/2023,Buy,OKE,0.146697,65.24
08/29/2023,Buy,OKE,0.999923,65.24
08/29/2023,Buy,PANW,0.064097,233.1
08/29/2023,Buy,TRMB,0.077156,54.3
08/29/2023,Buy,TRMB,0.015865,54.3
08/29/2023,Buy,TRMB,0.72986,54.3
08/29/2023,Buy,TRMB,1.0,54.3
08/29/2023,Buy,WRB,0.102869,61.34
08/29/2023,Buy,PANW,0.359456,233.13
08/29/2023,Buy,WRB,0.314231,61.33
08/29/2023,Sell,NVDA,0.026063,484.92
08/29/2023,Buy,WRB,0.000477,61.32
08/29/2023,Buy,FE,2.686309,36.48
08/29/2023,Buy,FE,0.000274,36.48
08/29/2023,Sell,WM,0.68946,156.68
08/29/2023,Sell,XOM,0.097766,109.24
08/29/2023,Sell,PSN,0.195333,56.46
08/29/2023,Sell,ABT,1.0,103.26
08/29/2023,Sell,ABT,0.044802,103.26
08/29/2023,Sell,CHX,0.346757,36.11
08/29/2023,Sell,CME,0.05828,202.12
08/29/2023,Sell,MSFT,0.327184,327.46
08/29/2023,Sell,MCD,0.37756,282.36
08/29/2023,Buy,WRB,0.180765,61.32
08/30/2023,Buy,DIS,2.0,83.9697
08/30/2023,Buy,DIS,1.0,83.97
08/31/2023,Sell,DIA,1.0,350.93
08/31/2023,Buy,DIS,1.0,83.905
08/31/2023,Buy,DIS,2.0,81.9882
08/31/2023,Buy,VT,7.0,97.855
08/31/2023,Buy,VT,376.0,98.07
09/01/2023,Buy,FBCGX,40.293,24.94
09/05/2023,Buy,VT,1.0,97.53
09/05/2023,Buy,CVS,0.090153,65.58
09/05/2023,Buy,V,0.001015,246.21
09/05/2023,Buy,PTEN,11.0673,14.95
09/06/2023,Buy,VT,2.0,96.8475
09/06/2023,Sell,BOXX,1.0,103.3013
09/06/2023,Buy,WMT,0.00606,161.71
09/08/2023,Buy,COST,0.00926,551.1900
09/08/2023,Buy,JNJ,0.012517,159.77
09/08/2023,Buy,FBCGX,4.159,24.5
09/11/2023,Buy,DIA,0.05301,347.3700
09/11/2023,Buy,COST,0.000735,557.45
09/11/2023,Buy,SHW,0.000365,273.78
09/11/2023,Sell,FBCGX,0.262,24.69
09/12/2023,Buy,WM,1.0,158.47
09/12/2023,Buy,PTLC,20.0,41.7368
09/12/2023,Buy,SCI,1.0,60.99
09/12/2023,Buy,SCI,1.0,61.0046
09/12/2023,Buy,PTLC,20.0,41.5946
09/12/2023,Buy,MSFT,1.0,332.2482
09/12/2023,Buy,AAPL,3.0,176.04
09/12/2023,Buy,VT,250.0,97.155
09/12/2023,Buy,BOXX,50.0,103.381
09/12/2023,Buy,VT,205.0,97.155
09/12/2023,Buy,BOXX,6.0,103.37
09/12/2023,Buy,VT,40.0,97.0493
09/12/2023,Buy,BOXX,1.0,103.37
09/12/2023,Buy,VT,25.0,97.0479
09/12/2023,Buy,VT,8.0,96.9273
09/12/2023,Buy,VT,2.0,96.875
09/12/2023,Buy,BOXX,385.0,103.3761
09/13/2023,Buy,CRM,0.299639,220.26
09/13/2023,Buy,ICLN,3.998818,15.57
09/13/2023,Buy,ICLN,0.292322,15.56
09/13/2023,Buy,VHT,0.256068,244.08
09/13/2023,Buy,ORCL,0.593798,111.33
09/13/2023,Buy,REGN,0.079806,834.52
09/13/2023,Buy,V,0.268294,248.24
09/13/2023,Buy,QCOM,0.219303,112.14
09/13/2023,Buy,IHF,0.269543,248.57
09/13/2023,Buy,UNH,0.13889,482.43
09/13/2023,Buy,GD,0.306663,218.48
09/13/2023,Buy,QCOM,0.382703,112.12
09/13/2023,Buy,VGT,0.155218,431.65
09/13/2023,Buy,IGV,0.093939,357.67
09/13/2023,Sell,NVDA,0.210613,448.31
09/13/2023,Sell,CME,0.167832,206.58
09/13/2023,Sell,CHX,2.822789,37.84
09/13/2023,Sell,XOM,0.344209,117.45
09/13/2023,Sell,OKE,0.502184,66.54
09/13/2023,Sell,PSN,1.783232,55.39
09/13/2023,Sell,WRB,1.598342,63.12
09/13/2023,Sell,FE,2.686583,35.89
09/13/2023,Sell,PANW,0.423553,246.61
09/13/2023,Sell,TRMB,1.822881,50.36
09/13/2023,Buy,IGV,0.103194,357.62
09/13/2023,Sell,OKE,1.0,66.53
09/13/2023,Buy,ADBE,0.123159,552.29
09/14/2023,Buy,MSFT,0.04241,338.7000
09/15/2023,Buy,PTLC,15.0,41.4864
09/15/2023,Buy,SCHD,5.0,73.7063
09/15/2023,Buy,PTLC,1.0,41.4629
09/15/2023,Buy,VT,515.0,97.065
09/15/2023,Buy,MSFT,0.001199,333.48
09/15/2023,Buy,FBCGX,41.455,24.24
09/18/2023,Buy,VT,10.0,96.4197
09/19/2023,Buy,VT,30.0,96.175
09/19/2023,Buy,VT,30.0,96.1866
09/19/2023,Buy,MCD,0.005182,277.85
09/19/2023,Buy,FBCGX,0.671,24.16
09/21/2023,Buy,PTLC,10.0,40.6199
09/21/2023,Buy,SCHD,7.0,71.83
09/21/2023,Buy,VT,120.0,94.625
09/21/2023,Buy,VT,6.642,96.652
09/21/2023,Buy,FSKAX,574.379,119.81
09/21/2023,Sell,FBCGX,2957.295,23.27
09/22/2023,Buy,SCHD,1.0,71.3067
09/22/2023,Buy,BRK-B,1.0,360.12
09/22/2023,Buy,WM,0.313,159.11228
09/22/2023,Buy,CI,0.004933,291.89
09/22/2023,Buy,PTEN,0.060503,14.71
09/22/2023,Buy,VWO,0.036655,39.83
09/25/2023,Buy,SCHD,1.408,71.55929
09/25/2023,Sell,FSKAX,172.314,120.02
09/25/2023,Buy,FSGGX,1553.804,13.31
09/26/2023,Buy,PTLC,3.0,39.8087
09/26/2023,Buy,DIS,1.0,79.8266
09/26/2023,Buy,BRK-B,1.0,358.63
09/26/2023,Buy,SCI,1.0,57.8932
09/26/2023,Buy,VT,53.0,92.8466
09/28/2023,Buy,BRK-B,1.0,357.48
09/28/2023,Sell,COST,1.0,569.775
09/28/2023,Buy,SCI,4.0,56.5887
09/28/2023,Buy,NVDA,0.001,423.37554
09/28/2023,Buy,CME,0.002701,199.92
09/28/2023,Buy,PSQ,2.655172,11.02
09/28/2023,Buy,SH,2.305096,14.52
09/28/2023,Buy,FXAIX,0.334,149.76
09/29/2023,Buy,SCHD,2.0,70.6599
09/29/2023,Buy,SCHD,3.0,70.6299
09/29/2023,Buy,SCI,1.0,57.3381
09/29/2023,Buy,BRK-B,5.0,349.335
09/29/2023,Buy,SCI,0.85,56.26136
09/29/2023,Buy,VT,20.0,93.025
09/29/2023,Buy,NVDA,2.2e-05,438.62
09/29/2023,Buy,GLD,0.011545,171.5
09/29/2023,Buy,FSKAX,11.025,118.95
09/29/2023,Buy,FSGGX,26.284,13.19
10/02/2023,Buy,SCHD,1.0,70.225
10/02/2023,Buy,DIS,1.0,80.9199
10/02/2023,Buy,VT,24.0,92.7584
10/02/2023,Buy,VT,10.0,92.7
10/02/2023,Buy,PEP,0.009832,168.82
10/02/2023,Buy,HLT,0.000811,147.83
10/03/2023,Buy,BRK-B,3.0,342.8
10/03/2023,Buy,VT,76.0,91.3275
10/03/2023,Buy,SOXX,0.116735,471.15
10/03/2023,Buy,EXR,0.466239,117.96
10/03/2023,Buy,VOX,0.524633,104.84
10/03/2023,Buy,AAPL,0.320634,171.54
10/03/2023,Buy,TMUS,0.079054,136.54
10/03/2023,Buy,TMUS,0.323743,136.54
10/03/2023,Buy,TMUS,7.3e-05,136.54
10/03/2023,Buy,REK,0.441598,22.65
10/03/2023,Buy,CAT,0.222226,270.0
10/03/2023,Buy,NFLX,0.026089,383.29
10/03/2023,Buy,VDC,0.044412,180.13
10/03/2023,Buy,MA,0.020318,393.73
10/03/2023,Buy,LMT,0.0198,404.02
10/03/2023,Buy,VOX,0.07647,104.62
10/03/2023,Buy,LMT,0.135723,405.24
10/03/2023,Buy,SOXX,0.017057,468.99
10/03/2023,Buy,MSI,0.221635,270.72
10/03/2023,Buy,MA,0.139577,394.04
10/03/2023,Sell,CME,0.325274,201.03
10/03/2023,Buy,NFLX,0.144041,381.84
10/03/2023,Buy,VDC,0.305116,180.26
10/03/2023,Buy,IEMG,0.099776,46.93
10/03/2023,Buy,HLT,0.050889,148.16
10/03/2023,Sell,GD,0.306663,223.38
10/03/2023,Sell,IHF,0.269543,244.85
10/03/2023,Sell,QCOM,0.602006,111.7
10/03/2023,Sell,ORCL,0.593798,104.56
10/03/2023,Sell,VHT,0.256068,231.77
10/03/2023,Sell,ADBE,0.123159,511.74
10/03/2023,Buy,COST,0.056397,568.28
10/03/2023,Sell,UNH,0.13889,510.18
10/03/2023,Sell,CRM,0.299639,201.16
10/03/2023,Sell,ICLN,0.29114,13.64
10/03/2023,Sell,ICLN,4.0,13.63
10/03/2023,Buy,REK,1.998232,22.63
10/03/2023,Sell,IGV,0.197133,337.48
10/03/2023,Buy,REK,0.432551,22.61
10/03/2023,Sell,V,0.268294,230.38
10/04/2023,Buy,SCI,1.0,54.7195
10/04/2023,Buy,SCHD,1.0,69.0787
10/04/2023,Buy,VT,10.0,91.3266
10/05/2023,Buy,SCHD,1.0,69.004
10/05/2023,Buy,BRK-B,1.0,343.0938
10/05/2023,Buy,AAPL,1.0,173.93
10/05/2023,Buy,VT,21.0,91.675
10/05/2023,Buy,VT,7.0,91.6299
10/05/2023,Buy,BOXX,8.0,103.755
10/06/2023,Buy,FXAIX,0.005,149.58
10/09/2023,Buy,SCI,1.0,55.0672
10/09/2023,Buy,VT,9.0,92.8489
10/09/2023,Buy,VT,1.0,92.845
10/10/2023,Buy,GLD,0.008769,172.09
10/11/2023,Buy,SCI,1.0,55.1081
10/11/2023,Buy,SCI,1.0,54.7991
10/11/2023,Buy,VT,10.0,94.385
10/11/2023,Buy,VT,19.0,93.99
10/11/2023,Buy,VT,1.0,93.995
10/11/2023,Buy,VT,1.0,93.985
10/12/2023,Sell,DIA,1.0,337.98
10/12/2023,Sell,DIA,1.0,337.9609
10/12/2023,Sell,DIA,2.0,337.96
10/12/2023,Sell,PTLC,8.0,40.81
10/12/2023,Sell,PTLC,20.0,40.802
10/12/2023,Sell,DIA,1.0,337.9808
10/12/2023,Buy,O,60.0,50.6191
10/12/2023,Sell,DIA,1.0,338.08
10/12/2023,Sell,PTLC,8.0,40.79
10/12/2023,Buy,BRK-B,5.0,346.5076
10/12/2023,Sell,PTLC,3.0,40.81
10/12/2023,Sell,PTLC,15.0,40.805
10/12/2023,Buy,O,1.0,50.6551
10/12/2023,Sell,PTLC,20.0,40.7916
10/12/2023,Buy,SCHD,4.0,70.805
10/12/2023,Sell,PTLC,2.0,40.841
10/12/2023,Buy,BRK-B,1.0,346.3966
10/12/2023,Buy,O,5.0,50.61
10/12/2023,Sell,PTLC,20.0,40.841
10/12/2023,Sell,PTLC,6.0,40.841
10/12/2023,Buy,SCI,10.0,54.04
10/12/2023,Sell,PTLC,2.0,40.825
10/12/2023,Sell,PTLC,3.0,40.81
10/12/2023,Sell,DIA,1.0,338.1001
10/12/2023,Sell,PTLC,1.0,40.8119
10/12/2023,Sell,PTLC,1.0,40.825
10/12/2023,Buy,SCHD,2.0,70.75
10/12/2023,Buy,BRK-B,2.0,346.42
10/12/2023,Sell,PTLC,2.0,40.821
10/12/2023,Sell,PTLC,4.0,40.81
10/12/2023,Buy,SCI,1.0,53.5191
10/12/2023,Buy,PTLC,1.0,40.298
10/12/2023,Sell,DIA,1.0,335.525
10/12/2023,Sell,DIA,1.0,335.57
10/12/2023,Sell,PTLC,15.0,40.43
10/12/2023,Buy,WM,1.0,154.52
10/12/2023,Sell,DIA,2.0,335.63
10/12/2023,Sell,PTLC,10.0,40.4299
10/12/2023,Sell,PTLC,2.0,40.42
10/12/2023,Sell,PTLC,30.0,40.42
10/12/2023,Sell,DIA,1.0,335.5106
10/12/2023,Sell,PTLC,3.0,40.4223
10/12/2023,Buy,BRK-B,4.0,344.38
10/12/2023,Sell,PTLC,2.0,40.4216
10/12/2023,Sell,PTLC,3.0,40.4315
10/12/2023,Sell,PTLC,10.0,40.43
10/12/2023,Buy,O,2.0,50.145
10/12/2023,Sell,PTLC,5.0,40.412
10/12/2023,Sell,PTLC,4.0,40.43
10/12/2023,Buy,BRK-B,10.0,344.399
10/12/2023,Buy,VT,10.0,94.4166
10/12/2023,Buy,VT,53.0,93.355
10/13/2023,Buy,DIS,1.0,83.82
10/13/2023,Buy,SCHD,2.0,70.32
10/13/2023,Buy,BRK-B,13.0,344.76
10/13/2023,Sell,PTLC,118.0,40.275
10/13/2023,Sell,DIA,1.0,336.1818
10/13/2023,Sell,DIA,1.0,335.8106
10/13/2023,Sell,DIA,1.0,336.2213
10/13/2023,Sell,DIA,1.0,336.1607
10/13/2023,Sell,DIA,2.0,335.7508
10/13/2023,Buy,O,47.0,50.5133
10/13/2023,Sell,DIA,1.0,335.76
10/13/2023,Buy,SCHD,1.0,70.155
10/13/2023,Sell,DIA,15.142,336.73
10/13/2023,Buy,BRK-B,2.0,345.33
10/13/2023,Buy,O,1.0,50.67
10/13/2023,Buy,O,86.0,50.67
10/13/2023,Buy,VT,32.0,93.049
10/13/2023,Buy,VT,10.0,92.8766
10/13/2023,Buy,FSKAX,6.768,119.52
10/13/2023,Buy,FSGGX,26.444,13.11
10/16/2023,Buy,DIA,0.094,337.96984
10/17/2023,Sell,DIA,0.094,339.92
10/17/2023,Buy,GEO,7.0,8.77
10/17/2023,Buy,GEO,2.0,8.75
10/17/2023,Buy,GEO,7.0,8.6
10/17/2023,Buy,VT,10.0,93.865
10/18/2023,Buy,BRK-B,1.0,340.84
10/18/2023,Buy,GEO,1.0,8.355
10/18/2023,Buy,O,10.0,50.1881
10/18/2023,Buy,GEO,60.0,8.3394
10/18/2023,Sell,COST,1.0,575.4
10/18/2023,Buy,SCHD,3.0,70.72
10/18/2023,Buy,BRK-B,1.0,340.7138
10/18/2023,Buy,GEO,3.0,8.425
10/18/2023,Buy,SCHD,1.0,70.6081
10/18/2023,Buy,VT,50.0,92.925
10/18/2023,Buy,VT,10.0,92.505
10/19/2023,Buy,SCHD,1.0,70.495
10/19/2023,Buy,GEO,10.0,8.3963
10/19/2023,Buy,O,1.0,49.69
10/19/2023,Buy,GEO,3.0,8.383
10/19/2023,Buy,VT,20.0,92.4396
10/19/2023,Buy,VT,10.0,92.135
10/20/2023,Buy,BRK-B,1.0,336.98
10/20/2023,Buy,O,1.0,49.6576
10/20/2023,Buy,SCHD,2.0,69.5076
10/20/2023,Buy,VT,40.0,91.25
10/20/2023,Buy,VT,20.0,91.0466
10/25/2023,Buy,O,1.0,49.3986
10/25/2023,Buy,BRK-B,1.0,336.8
10/25/2023,Buy,SCHD,2.0,68.4799
10/25/2023,Buy,O,1.0,49.34
10/25/2023,Buy,VT,40.0,90.2375
10/25/2023,Buy,VT,20.0,90.0876
10/26/2023,Buy,BRK-B,2.0,336.82
10/26/2023,Buy,SCHD,1.0,68.4752
10/26/2023,Buy,SCHD,1.0,68.205
10/26/2023,Buy,VT,70.0,89.615
10/26/2023,Buy,VT,10.0,89.349
10/27/2023,Buy,BRK-B,3.0,333.917
10/27/2023,Buy,SCI,1.0,53.82
10/27/2023,Buy,O,2.0,49.19
10/27/2023,Buy,SCHD,1.0,66.9898
10/27/2023,Buy,VT,10.0,89.2566
10/27/2023,Buy,VT,10.0,88.975
10/27/2023,Buy,FSKAX,7.118,113.65
10/27/2023,Buy,FSGGX,27.471,12.62
10/30/2023,Buy,O,22.0,46.2898
10/30/2023,Buy,O,22.0,46.26
10/30/2023,Buy,GEO,1.0,8.7868
11/01/2023,Buy,SCI,1.0,53.5189
11/01/2023,Buy,SCHD,1.0,68.2097
11/01/2023,Buy,REAL,1.093525,1.39
11/02/2023,Buy,LILAK,0.338049,6.72
11/06/2023,Buy,BRK-B,2.0,345.25
11/06/2023,Buy,SCHD,1.0,70.0866
11/06/2023,Buy,SCI,4.0,58.1744
11/06/2023,Buy,GEO,1.0,8.9
11/06/2023,Buy,GEO,2.0,8.8692
11/06/2023,Buy,SCHD,10.0,69.7398
11/06/2023,Buy,SCI,4.0,58.8295
11/06/2023,Buy,SCI,1.0,58.76
11/06/2023,Buy,VT,1.0,94.095
11/06/2023,Buy,VT,9.0,94.0975
11/06/2023,Buy,VT,10.0,94.095
11/06/2023,Sell,BOXX,450.0,104.28
11/06/2023,Sell,BOXX,50.0,104.285
11/06/2023,Buy,BNDW,100.0,66.4796
11/06/2023,Buy,BNDW,584.0,66.47
11/06/2023,Buy,BNDW,100.0,66.48
11/06/2023,Buy,BNDW,1.0,66.3578
11/06/2023,Buy,BNDW,1.0,66.335
11/06/2023,Buy,WELL,0.56831,87.98
11/06/2023,Buy,NLY,2.940311,17.0
11/06/2023,Buy,URI,0.102446,439.26
11/06/2023,Buy,VNQ,0.587889,76.55
11/06/2023,Buy,CNC,0.225769,69.54
11/06/2023,Buy,NLY,0.70237,17.08
11/06/2023,Buy,OXY,0.160552,62.28
11/06/2023,Buy,OXY,0.79802,62.66
11/06/2023,Buy,HOLX,0.145264,68.84
11/06/2023,Buy,URI,0.034227,438.24
11/06/2023,Buy,COST,0.02635,569.24
11/06/2023,Buy,AMZN,0.06723,140.16
11/06/2023,Buy,AMZN,0.039794,140.16
11/06/2023,Buy,META,0.047312,317.04
11/06/2023,Buy,GRMN,0.129338,115.98
11/06/2023,Buy,IHF,0.060096,249.63
11/06/2023,Buy,WELL,0.113623,88.01
11/06/2023,Buy,VNQ,0.20889,76.6
11/06/2023,Buy,ARKG,0.624146,25.64
11/06/2023,Buy,CB,0.228969,218.37
11/06/2023,Buy,CB,0.045639,219.11
11/06/2023,Buy,IHF,0.200356,249.56
11/06/2023,Sell,LMT,0.155523,453.16
11/06/2023,Buy,CNC,0.441121,69.55
11/06/2023,Sell,XOM,0.571162,107.39
11/06/2023,Sell,REGN,0.079806,830.66
11/06/2023,Sell,VGT,0.155218,427.86
11/06/2023,Sell,REK,2.872381,21.57
11/06/2023,Sell,NFLX,0.17013,431.34
11/06/2023,Sell,AAPL,0.320634,178.18
11/06/2023,Sell,TMUS,0.40287,148.02
11/06/2023,Sell,EXR,0.466239,105.6
11/06/2023,Sell,VDC,0.349528,182.84
11/06/2023,Buy,GRMN,0.431294,115.93
11/06/2023,Sell,VOX,0.601103,108.24
11/06/2023,Sell,CAT,0.222226,237.76
11/06/2023,Sell,SOXX,0.133792,471.84
11/06/2023,Sell,MSI,0.221635,303.19
11/06/2023,Buy,COST,0.087827,569.3
11/06/2023,Buy,META,0.157457,317.54
11/06/2023,Buy,AMZN,0.356353,140.31
11/06/2023,Buy,ARKG,1.745877,25.78
11/06/2023,Buy,HOLX,0.727206,68.77
11/06/2023,Buy,CNC,0.277893,69.54
11/06/2023,Sell,MA,0.159895,386.22
11/06/2023,Buy,FSGGX,1.071,13.32
11/07/2023,Sell,JEPI,4,53.57
11/07/2023,Buy,FSGGX,18.833,13.23
11/07/2023,Buy,FSGGX,17.596,13.23
11/07/2023,Sell,FXAIX,1.638,152.11
11/07/2023,Sell,SOXL,1,18.50
11/10/2023,Buy,FSKAX,6.647,121.7
11/10/2023,Buy,FSGGX,26.205,13.23
11/14/2023,Sell,SH,60.0,13.98
11/14/2023,Sell,SH,141.822635,13.98
11/14/2023,Sell,SH,3.0,13.98
11/14/2023,Sell,PSQ,65.0,10.23
11/14/2023,Sell,PSQ,141.079786,10.23
11/14/2023,Sell,PSQ,0.891534,10.24
11/14/2023,Sell,SH,0.022031,13.98
11/16/2023,Buy,SCHD,1.0,70.445
11/16/2023,Buy,FSGGX,3.685,13.57
11/20/2023,Buy,SCI,15.0,60.5074
11/20/2023,Buy,GEO,4.0,9.635
11/20/2023,Buy,SCHD,26.0,71.2075
11/20/2023,Buy,VT,25.0,97.8675
11/20/2023,Sell,WELL,0.681933,88.27
11/20/2023,Sell,FTRE,0.651124,32.04
11/20/2023,Sell,SHW,0.165234,271.68
11/20/2023,Sell,CP,0.340113,71.3
11/20/2023,Sell,CP,1.0,71.32
11/20/2023,Sell,VTLE,0.595251,47.16
11/20/2023,Sell,ISRG,0.182471,310.28
11/20/2023,Sell,VTLE,4.0,47.21
11/20/2023,Sell,CELU,202.0,0.21
11/20/2023,Buy,OXY,0.123545,61.44
11/20/2023,Buy,OXY,29.998144,61.44
11/20/2023,Sell,HHH,0.401588,73.96
11/20/2023,Sell,IHF,0.260452,251.98
11/20/2023,Sell,HHH,1.000012,73.94
11/20/2023,Sell,GRMN,0.560632,119.68
11/20/2023,Sell,PTEN,0.127786,12.14
11/20/2023,Sell,CB,0.274608,222.73
11/20/2023,Sell,PTEN,11.000017,12.14
11/20/2023,Sell,CME,0.003249,211.96
11/20/2023,Sell,URI,0.136673,472.34
11/20/2023,Sell,SIG,0.115744,82.08
11/20/2023,Sell,ARKG,2.370023,28.16
11/20/2023,Sell,SIG,3.0,82.06
11/20/2023,Sell,NLY,3.642681,17.8
11/20/2023,Sell,HOLX,0.87247,71.68
11/20/2023,Sell,CNC,0.944783,72.3
11/20/2023,Sell,GNRC,0.016262,114.54
11/20/2023,Sell,GNRC,2.0,114.54
11/20/2023,Buy,ANET,42,215.34
11/22/2023,Sell,OXY,0.080261,59.78
11/22/2023,Sell,IEMG,0.263226,49.49
11/22/2023,Sell,PG,0.620349,151.09
11/22/2023,Sell,MCD,0.95316,282.0
11/22/2023,Sell,SBUX,0.547586,104.17
11/22/2023,Sell,MSFT,0.294001,376.54
11/22/2023,Sell,JNJ,0.691425,151.34
11/22/2023,Sell,JPM,0.369885,153.54
11/22/2023,Sell,TMUS,0.507961,149.24
11/22/2023,Sell,GLD,0.486424,185.68
11/22/2023,Sell,META,0.426191,340.44
11/22/2023,Sell,NVDA,0.107716,483.12
11/22/2023,Sell,BSX,0.36119,55.56
11/22/2023,Sell,WMT,0.460457,155.0
11/22/2023,Sell,TSLA,0.324885,236.66
11/22/2023,Sell,V,0.466181,253.68
11/22/2023,Sell,IVV,0.141103,456.8
11/22/2023,Sell,AMZN,0.933131,146.76
11/22/2023,Sell,VWO,0.48668,40.45
11/22/2023,Sell,EXPE,0.69799,137.55
11/22/2023,Sell,QSR,0.132021,70.26
11/22/2023,Sell,VNQ,0.796779,79.58
11/22/2023,Sell,WBD,0.646351,10.68
11/22/2023,Sell,MGM,0.535777,40.18
11/22/2023,Sell,ADBE,0.106039,617.42
11/22/2023,Sell,CHTR,0.922213,405.41
11/22/2023,Sell,COST,0.574029,588.45
11/22/2023,Sell,PEP,0.324815,169.08
11/22/2023,Sell,SPY,0.576501,454.8
11/22/2023,Sell,GEO,0.026933,9.6
11/22/2023,Sell,GOOG,0.865251,139.76
11/22/2023,Sell,ABT,0.019043,102.3
11/22/2023,Sell,KO,0.657433,58.42
11/22/2023,Sell,CI,0.172256,288.5
11/22/2023,Sell,HLT,0.862818,171.81
11/22/2023,Sell,CVS,0.758443,68.51
11/22/2023,Sell,LOW,0.693047,197.16
11/22/2023,Sell,LILAK,0.708013,6.9
11/22/2023,Sell,GOOGL,0.269011,138.05
11/22/2023,Sell,REAL,0.266802,2.22
11/22/2023,Sell,QQQ,0.139123,390.1
11/22/2023,Sell,ANET,42,217.36
11/24/2023,Buy,FSKAX,6.41,126.2
11/24/2023,Buy,FSGGX,25.14,13.79
11/27/2023,Buy,OXY,5.0,59.9175
11/27/2023,Buy,GEO,5.0,9.8741
11/27/2023,Buy,VT,90.0,98.1775
11/28/2023,Sell,IEMG,10.0,49.6302
11/28/2023,Sell,PG,2.0,151.75
11/28/2023,Sell,KO,4.0,58.495
11/28/2023,Sell,CI,1.0,286.63
11/28/2023,Sell,CVS,3.0,68.8355
11/28/2023,Sell,JNJ,1.0,151.14
11/28/2023,Sell,WBD,13.0,10.675
11/28/2023,Sell,ABT,1.0,102.11
11/28/2023,Sell,REAL,56.0,2.295
11/28/2023,Sell,WMT,1.0,157.21
11/28/2023,Sell,LILAK,16.0,6.7704
11/28/2023,Sell,QSR,2.0,70.11
11/28/2023,Sell,PEP,1.0,168.465
11/28/2023,Sell,VWO,4.0,40.635
11/28/2023,Sell,MGM,5.0,39.8279
11/28/2023,Buy,OXY,40.0,59.7
11/28/2023,Sell,SBUX,1.0,101.5475
11/28/2023,Buy,SCI,5.0,60.8017
11/28/2023,Buy,SCI,6.0,60.875
11/28/2023,Buy,GEO,2.0,10.205
11/28/2023,Sell,GOOGL,1.0,135.5825
11/28/2023,Buy,OXY,16.0,59.7779
11/28/2023,Sell,EXPE,3.0,136.54
11/28/2023,Sell,BSX,1.0,55.44
11/28/2023,Buy,GEO,4.0,10.345
11/28/2023,Buy,SCI,1.0,60.7938
11/28/2023,Sell,IVV,1.0,455.79
12/01/2023,Buy,GEO,1.0,10.24
12/01/2023,Buy,FSGGX,0.001,13.91
12/06/2023,Buy,BNDW,1.804,68.6
12/06/2023,Buy,BRK-B,0.015983,352.875
12/07/2023,Buy,FSGGX,112.315,13.83
12/08/2023,Sell,FSKAX,0.038,129.21
12/08/2023,Buy,FSKAX,6.315,128.1
12/08/2023,Sell,FSGGX,0.148,13.78
12/08/2023,Buy,FSGGX,25.032,13.85
12/11/2023,Buy,SCHD,2.365,72.61493
12/11/2023,Sell,BRK-B,0.015983,356.50
12/15/2023,Buy,FSKAX,5.519,130.2
12/15/2023,Buy,FSGGX,51.818,13.73
12/15/2023,Buy,FSGGX,4.651,13.73
12/17/2023,Buy,LLAP,5,0.8872
12/18/2023,Buy,FSGGX,3.644,13.72
12/19/2023,Buy,LLAP,1,0.8650
12/22/2023,Buy,FSKAX,5.541,131.39
12/22/2023,Buy,FSGGX,22.496,13.87
12/27/2023,Buy,FSKAX,0.103,133.3
01/02/2024,Buy,FSGGX,0.015,13.92
01/17/2024,Buy,FSGGX,3.693,13.54
02/13/2024,Buy,HE,119.0,13.0499
02/13/2024,Buy,HE,110.0,13.0477
02/13/2024,Buy,OXY,17.0,57.1
02/13/2024,Buy,HE,3.0,13.045
02/14/2024,Buy,HE,252.0,12.295
02/15/2024,Buy,ANET,42,266.52
02/16/2024,Buy,FSGGX,3.534,14.15
02/20/2024,Buy,OXY,1.0,59.4697
02/20/2024,Buy,GEO,3.0,11.8198
02/20/2024,Buy,ANET,14,259.61
02/26/2024,Buy,HE,18.0,12.4299
02/26/2024,Buy,HE,1.0,12.425
03/04/2024,Buy,HE,1.0,11.525
03/07/2024,Buy,HE,10.0,11.63
03/11/2024,Sell,FSKAX,0.037,142.97
03/11/2024,Sell,FSGGX,0.147,14.56
03/15/2024,Buy,HE,2.0,11.1866
03/15/2024,Buy,FSKAX,3.444,140.93
03/15/2024,Buy,FSGGX,14.267,14.58
03/18/2024,Buy,HE,6.0,10.97
03/18/2024,Buy,FSGGX,3.425,14.60
03/26/2024,Buy,HE,13.0,10.9792
04/01/2024,Buy,HE,11.0,10.985
04/01/2024,Buy,FSKAX,5.596,144.56
04/01/2024,Buy,FSGGX,23.6,14.69
04/12/2024,Buy,FSKAX,0.862,140.7
04/12/2024,Buy,VFFSX,2.145,208.48
04/17/2024,Buy,HE,9.0,9.3698
04/18/2024,Buy,TLT,16.0,88.907
04/18/2024,Buy,HE,51.0,9.9267
04/18/2024,Buy,HE,7.0,9.915
04/24/2024,Buy,TLT,11.0,88.405
04/24/2024,Buy,HE,3.0,10.87
04/25/2024,Buy,TLT,11.0,87.7293
04/25/2024,Buy,HE,3.0,10.545
04/26/2024,Buy,VEMRX,1.806,89.14
04/26/2024,Buy,VGSNX,9.156,17.58
04/26/2024,Buy,VIEIX,9.56213,16.83
04/26/2024,Buy,VFFSX,3.878,207.55
04/26/2024,Buy,VTMGX,20.722056,15.54
04/29/2024,Buy,FSGGX,0.002,15.0
05/02/2024,Buy,HE,1.0,10.097
05/07/2024,Buy,HE,12.0,10.07
05/08/2024,Buy,HE,2.0,9.75
05/10/2024,Buy,VEMRX,1.955,91.51
05/10/2024,Buy,VGSNX,9.837,18.18
05/10/2024,Buy,VIEIX,10.361353,17.25
05/10/2024,Buy,VFFSX,4.205,212.67
05/10/2024,Buy,VTMGX,22.326985,16.02
05/13/2024,Buy,LLAP,1,1.055
05/13/2024,Buy,LLAP,1,1.055
05/13/2024,Buy,LLAP,3,1.06
05/13/2024,Buy,DIS,3,105.70
05/13/2024,Buy,GEO,27,13.47
05/16/2024,Buy,TLT,9.0,92.225
05/16/2024,Buy,HE,6.0,11.315
05/16/2024,Buy,HE,3.0,11.285
05/17/2024,Buy,TLT,10.0,91.5668
05/17/2024,Buy,HE,8.0,11.745
05/17/2024,Buy,LLAP,7.0,1.0371
05/23/2024,Buy,HE,11.0,10.87
05/23/2024,Buy,LLAP,2.0,0.94979
05/24/2024,Buy,VEMRX,1.923,93.01
05/24/2024,Buy,VGSNX,9.963,17.95
05/24/2024,Buy,VIEIX,10.332809,17.31
05/24/2024,Buy,VFFSX,4.137,216.18
05/24/2024,Buy,VTMGX,22.177855,16.12
05/28/2024,Buy,VGSNX,1.0932,16.95
05/28/2024,Buy,VMVAX,0.7278,76.38
05/28/2024,Buy,VSIAX,0.7153,77.70
05/28/2024,Buy,VTPSX,0.4391,126.60
05/30/2024,Buy,TLT,4.0,89.54
05/30/2024,Buy,TLT,15.0,89.5563
05/30/2024,Buy,HE,48.0,10.385
05/30/2024,Buy,LLAP,2.0,0.959
05/30/2024,Buy,HE,4.0,10.365
05/30/2024,Buy,LLAP,4.0,0.9554
05/31/2024,Buy,LLAP,1.0,0.922
06/03/2024,Buy,LLAP,3.0,0.8791
06/06/2024,Buy,HE,11.0,10.586
06/06/2024,Buy,LLAP,10.0,0.8051
06/06/2024,Buy,HE,1.0,10.5855
06/07/2024,Buy,VEMRX,1.954,91.53
06/07/2024,Sell,VEMRX,0.001,91.53
06/07/2024,Buy,VGSNX,9.826,18.20
06/07/2024,Sell,VGSNX,0.006,18.20
06/07/2024,Buy,VIEIX,10.589702,16.89
06/07/2024,Buy,VFFSX,4.101,218.04
06/07/2024,Sell,VFFSX,0.003,218.04
06/07/2024,Buy,VTMGX,22.220464,16.10
06/07/2024,Sell,VTMGX,0.014203,16.10
06/07/2024,Buy,VGSNX,5.3566,17.30
06/07/2024,Buy,VSIAX,1.206,76.83
06/10/2024,Buy,HE,2.0,10.175
06/10/2024,Buy,LLAP,4.0,0.7619
06/10/2024,Sell,FSKAX,0.035,149.43
06/10/2024,Sell,FSGGX,0.139,15.04
06/14/2024,Buy,LLAP,2.0,0.79
06/14/2024,Buy,LLAP,9.0,0.7353
06/14/2024,Buy,HE,1.0,9.545
06/17/2024,Buy,HE,1.0,9.765
06/17/2024,Buy,OXY,1.0,59.5081
06/21/2024,Buy,VEMRX,1.934,92.49
06/21/2024,Buy,VEMRX,0.03,92.49
06/21/2024,Buy,VGSNX,9.703,18.43
06/21/2024,Buy,VIEIX,10.54213,16.96
06/21/2024,Buy,VFFSX,4.011,222.96
06/21/2024,Buy,VTMGX,22.682058,15.77
06/21/2024,Buy,VGSNX,5.2882,17.52
06/21/2024,Buy,VSIAX,1.1978,77.34
06/24/2024,Buy,HE,5.0,9.4825
06/24/2024,Buy,LLAP,10.0,0.743
06/25/2024,Buy,GOOG,29.051,180.79
06/26/2024,Buy,TLT,16.0,93.3366
06/26/2024,Buy,HE,2.0,9.0764
06/26/2024,Buy,HE,159.0,9.0768
06/28/2024,Buy,VGSNX,0.6,18.39
07/01/2024,Buy,HE,7.0,8.755
07/01/2024,Buy,LLAP,8.0,0.8132
07/01/2024,Buy,LLAP,1.0,0.8146
07/02/2024,Buy,LLAP,3.0,0.8265
07/02/2024,Buy,HE,23.0,8.2566
07/05/2024,Buy,HE,15.0,8.345
07/05/2024,Buy,LLAP,1.0,0.8342
07/05/2024,Buy,HE,1.0,8.3493
07/05/2024,Buy,VEMRX,1.902,94.06
07/05/2024,Buy,VGSNX,9.757,18.33
07/05/2024,Buy,VIEIX,10.494557,17.04
07/05/2024,Buy,VFFSX,3.935,227.24
07/05/2024,Buy,VTMGX,22.035826,16.23
07/05/2024,Buy,VGSNX,5.2523,17.64
07/05/2024,Buy,VSIAX,1.2233,75.74
07/08/2024,Buy,HE,3.0,8.0675
07/08/2024,Buy,LLAP,3.0,0.874
07/16/2024,Buy,HE,2.0,11.1463
07/16/2024,Buy,LLAP,2.0,0.8658
07/16/2024,Buy,LLAP,2.0,0.8683
07/16/2024,Buy,HE,6.0,11.175
07/19/2024,Buy,VEMRX,1.926,92.84
07/19/2024,Buy,VGSNX,9.181,19.48
07/19/2024,Buy,VIEIX,10.056887,17.78
07/19/2024,Buy,VFFSX,3.978,224.79
07/19/2024,Buy,VTMGX,22.121043,16.17
07/19/2024,Buy,VGSNX,4.9413,18.75
07/19/2024,Buy,VSIAX,1.1497,80.58
07/24/2024,Buy,TLT,17.0,92.455
07/24/2024,Buy,HE,2.0,16.6461
07/24/2024,Buy,DIS,10.0,89.95
07/24/2024,Buy,LLAP,12.0,0.7487
07/25/2024,Buy,GOOG,14.822,174.37
07/26/2024,Buy,LLAP,17.0,0.6913
08/01/2024,Buy,LLAP,2.0,0.7278
08/02/2024,Buy,VEMRX,1.97,90.81
08/02/2024,Buy,VGSNX,8.938,20.01
08/02/2024,Buy,VIEIX,10.437469,17.13
08/02/2024,Buy,VFFSX,4.095,218.38
08/02/2024,Buy,VTMGX,22.802783,15.69
08/02/2024,Buy,VGSNX,4.8094,19.26
08/02/2024,Buy,VSIAX,1.1697,79.19
08/06/2024,Buy,OXY,2.0,56.075
08/06/2024,Buy,GEO,2.0,12.8553
08/06/2024,Buy,LLAP,1.0,0.6801
08/07/2024,Buy,GEO,2.0,12.1545
08/07/2024,Buy,LLAP,14.0,0.6885
08/12/2024,Sell,TLT,10.0,96.055
08/12/2024,Buy,HE,45.0,12.7025
08/12/2024,Buy,OXY,6.0,58.675
08/12/2024,Buy,GEO,1.0,12.29
08/12/2024,Buy,LLAP,5.0,0.6949
08/12/2024,Buy,GEO,2.0,12.35
08/14/2024,Buy,LLAP,1,0.4884
08/15/2024,Buy,LLAP,1.0,0.2397
08/16/2024,Buy,LLAP,35.0,0.24875
08/16/2024,Buy,OXY,10.0,57.505
08/16/2024,Buy,VEMRX,1.899,94.15
08/16/2024,Buy,VGSNX,8.929,20.03
08/16/2024,Buy,VIEIX,10.113974,17.68
08/16/2024,Buy,VFFSX,3.939,227.05
08/16/2024,Buy,VTMGX,21.879594,16.35
08/17/2024,Buy,VGSNX,4.8055,19.28
08/17/2024,Buy,VSIAX,1.1477,80.72
08/19/2024,Sell,TLT,6.0,97.733
08/19/2024,Buy,HE,45.0,12.8421
08/19/2024,Buy,GEO,1.0,13.2061
08/19/2024,Sell,TLT,2.0,97.66
08/19/2024,Buy,HE,10.0,12.8395
08/19/2024,Buy,OXY,1.0,57.745
08/25/2024,Buy,GOOG,14.822,167.43
08/30/2024,Buy,VEMRX,1.897,94.29
08/30/2024,Buy,VGSNX,8.569,20.87
08/30/2024,Buy,VIEIX,9.819023,18.22
08/30/2024,Buy,VFFSX,3.871,231.01
08/30/2024,Buy,VTMGX,21.197854,16.87
08/30/2024,Buy,VGSNX,4.6112,20.09
08/30/2024,Buy,VSIAX,1.1092,83.53
09/05/2024,Sell,BNDW,0.804,70.225
09/05/2024,Buy,OXY,2.0,54.455
09/05/2024,Sell,BNDW,1.0,70.2178
09/05/2024,Buy,GEO,1.0,13.16
09/06/2024,Buy,OXY,2.0,53.63
09/06/2024,Buy,HE,3.0,11.2938
09/06/2024,Sell,BNDW,1.0,70.54
09/06/2024,Buy,OXY,2.0,53.085
09/06/2024,Sell,BNDW,24.0,70.4909
09/06/2024,Sell,BNDW,1.0,70.5402
09/06/2024,Buy,HE,3.0,11.2722
09/06/2024,Buy,GEO,1.0,13.085
09/06/2024,Buy,OXY,9.0,52.925
09/06/2024,Buy,MSFT,3.0,403.14
09/06/2024,Buy,OXY,2.0,52.8869
09/06/2024,Buy,HE,1.0,11.2076
09/06/2024,Sell,BNDW,10.0,70.56
09/06/2024,Buy,OXY,11.0,52.885
09/06/2024,Buy,HE,1.0,11.185
09/06/2024,Sell,LLAP,6.0,0.2424
09/06/2024,Sell,LLAP,155.0,0.2425
09/06/2024,Buy,GEO,1.0,13.0469
09/06/2024,Buy,HE,2.0,11.205
09/06/2024,Sell,LLAP,6,0.2424
09/06/2024,Buy,HE,0.165775,11.22
09/06/2024,Sell,LLAP,6,0.2421
09/09/2024,Sell,BNDW,50.0,70.4777
09/09/2024,Buy,HE,8.0,10.705
09/09/2024,Buy,HE,1.0,10.7047
09/09/2024,Buy,GOOG,23.0,149.27342
09/09/2024,Buy,HE,2.0,10.7164
09/09/2024,Sell,VEMRX,0.001,92.34
09/09/2024,Sell,VGSNX,0.006,21.04
09/09/2024,Sell,VFFSX,0.003,223.85
09/09/2024,Sell,VTMGX,0.014203,16.36
09/10/2024,Sell,BNDW,20.0,70.5274
09/10/2024,Buy,HE,3.0,10.9561
09/10/2024,Buy,OXY,27.0,51.1168
09/10/2024,Sell,BNDW,10.0,70.607
09/10/2024,Buy,GEO,3.0,13.235
09/10/2024,Buy,OXY,13.0,50.98
09/11/2024,Buy,GEO,100.0,12.0767
09/11/2024,Buy,GEO,10.0,12.1067
09/11/2024,Buy,GEO,7.0,12.1062
09/11/2024,Buy,OXY,14.0,50.605
09/11/2024,Sell,BNDW,10.0,70.7175
09/11/2024,Sell,BNDW,20.0,70.76
09/11/2024,Sell,BNDW,10.0,70.7584
09/11/2024,Buy,OXY,14.0,50.005
09/11/2024,Buy,GEO,1.0,12.2667
09/11/2024,Sell,BNDW,20.0,70.78
09/11/2024,Buy,HE,6.0,11.225
09/11/2024,Buy,GOOG,9.0,148.7735
09/13/2024,Buy,GEO,2.0,12.495
09/13/2024,Buy,VEMRX,1.912,93.54
09/13/2024,Buy,VGSNX,8.268,21.63
09/13/2024,Buy,VIEIX,9.942712,17.98
09/13/2024,Buy,VFFSX,3.884,230.25
09/13/2024,Buy,VTMGX,21.560028,16.59
09/13/2024,Buy,VGSNX,4.4486,20.82
09/13/2024,Buy,VSIAX,1.1261,82.24
09/16/2024,Buy,OXY,1.0,51.145
09/16/2024,Buy,GEO,1.0,13.165
09/18/2024,Buy,GEO,1.0,12.795
09/20/2024,Buy,VEMRX,0.063,95.25
09/24/2024,Buy,HE,15.0,9.8069
09/24/2024,Sell,BNDW,30.0,70.5037
09/24/2024,Buy,HE,200.0,9.825
09/25/2024,Buy,OXY,15.0,51.9162
09/25/2024,Buy,HE,30.0,10.0669
09/25/2024,Buy,GEO,1.0,12.685
09/25/2024,Buy,GOOG,14.841,163.64
09/26/2024,Buy,OXY,20.0,49.9263
09/26/2024,Sell,BNDW,20.0,70.5219
09/26/2024,Buy,HE,40.0,9.9299
09/26/2024,Buy,HE,1.0,9.92683
09/27/2024,Buy,TLT,11.0,98.415
09/27/2024,Buy,HE,2.0,10.0373
09/27/2024,Buy,OXY,18.0,50.6359
09/27/2024,Buy,HE,10.0,10.0373
09/27/2024,Buy,HE,20.0,10.0375
09/27/2024,Buy,VEMRX,1.77,101.01
09/27/2024,Buy,VGSNX,8.428,21.22
09/27/2024,Buy,VGSNX,0.867,21.22
09/27/2024,Buy,VIEIX,9.676305,18.48
09/27/2024,Buy,VFFSX,3.807,234.93
09/27/2024,Buy,VTMGX,20.942201,17.08
09/27/2024,Buy,VGSNX,4.4961,20.60
09/27/2024,Buy,VSIAX,1.0935,84.70
09/30/2024,Sell,BNDW,20.0,70.612
09/30/2024,Buy,HE,3.0,9.6964
09/30/2024,Buy,HE,100.0,9.705
09/30/2024,Buy,HE,6.0,9.715
09/30/2024,Buy,OXY,8.0,51.77
10/01/2024,Buy,HE,1.0,9.415
10/01/2024,Buy,HE,25.0,9.415
10/01/2024,Sell,BNDW,10.0,70.73
10/01/2024,Buy,HE,73.0,9.42672
10/01/2024,Buy,HE,2.0,9.425
10/03/2024,Buy,VGSNX,0.0383,20.34
10/03/2024,Buy,VSIAX,0.0095,83.42
10/07/2024,Buy,TLT,1.0,95.0471
10/07/2024,Buy,HE,3.0,9.6972
10/08/2024,Buy,ASHR,260.0,30.7901
10/08/2024,Sell,BNDW,130.0,69.7438
10/08/2024,Buy,HE,1.0,9.7984
10/08/2024,Buy,ASHR,29.0,30.805
10/08/2024,Buy,ASHR,5.0,30.765
10/08/2024,Buy,ASHR,1.0,30.795
10/08/2024,Buy,ASHR,33.0,30.8171
10/08/2024,Sell,BNDW,15.0,69.7612
10/09/2024,Buy,TLT,3.0,94.7549
10/09/2024,Sell,BNDW,15.0,69.74
10/09/2024,Buy,ASHR,26.0,28.315
10/09/2024,Buy,HE,3.0,9.625
10/11/2024,Buy,VEMRX,1.767,101.22
10/11/2024,Buy,VGSNX,8.607,20.78
10/11/2024,Buy,VIEIX,9.524072,18.78
10/11/2024,Buy,VFFSX,3.754,238.21
10/11/2024,Buy,VTMGX,21.339883,16.76
10/11/2024,Buy,VGSNX,4.5895,20.17
10/11/2024,Buy,VSIAX,1.091,84.86
10/15/2024,Sell,BNDW,10.0,69.905
10/15/2024,Buy,OXY,3.0,52.1385
10/15/2024,Buy,ASHR,20.0,26.935
10/16/2024,Buy,OXY,2.0,51.75
10/17/2024,Buy,HE,1.0,10.23684
10/25/2024,Buy,TLT,3.0,92.285
10/25/2024,Buy,HE,25.0,9.725
10/25/2024,Buy,OXY,7.0,51.6165
10/25/2024,Buy,VEMRX,1.809,98.86
10/25/2024,Buy,VGSNX,8.512,21.01
10/25/2024,Buy,VIEIX,9.590674,18.64
10/25/2024,Buy,VFFSX,3.758,237.98
10/25/2024,Buy,VTMGX,21.971912,16.28
10/25/2024,Buy,GOOG,14.841,164.53
10/25/2024,Buy,VGSNX,4.5424,20.39
10/25/2024,Buy,VSIAX,1.1028,83.99
10/28/2024,Buy,OXY,10.0,50.798
11/06/2024,Buy,ASHR,2.0,27.815
11/07/2024,Sell,BNDW,1.0,69.0005
11/07/2024,Buy,OXY,1.0,51.235
11/07/2024,Buy,TLT,1.0,90.905
11/07/2024,Sell,BNDW,2.0,69.02
11/07/2024,Buy,OXY,2.0,51.056
11/08/2024,Buy,VEMRX,1.807,98.97
11/08/2024,Buy,VGSNX,8.505,21.03
11/08/2024,Buy,VIEIX,8.877082,20.15
11/08/2024,Buy,VFFSX,3.639,245.78
11/08/2024,Buy,VTMGX,22.071333,16.21
11/08/2024,Buy,VGSNX,4.5341,20.41
11/08/2024,Buy,VSIAX,1.035,89.42
11/11/2024,Sell,BNDW,17.0,69.22
11/11/2024,Buy,HE,123.0,9.575
11/11/2024,Sell,BNDW,32.0,69.2301
11/11/2024,Buy,HE,1.0,9.521
11/11/2024,Buy,HE,231.0,9.581
11/11/2024,Sell,BNDW,8.0,69.224
11/11/2024,Buy,ASHR,19.0,28.5199
11/13/2024,Sell,BNDW,20.0,69.08
11/13/2024,Buy,OXY,25.0,48.9931
11/13/2024,Buy,OXY,3.0,49.012
11/13/2024,Buy,HE,1.0,10.155
11/13/2024,Buy,OXY,2.0,48.9059
11/13/2024,Buy,OXY,40.0,48.9193
11/13/2024,Sell,BNDW,30.0,69.09
11/13/2024,Buy,HE,2.0,10.1671
11/13/2024,Buy,ASHR,7.0,28.3498
11/13/2024,Buy,OXY,17.0,48.59
11/13/2024,Buy,HE,1.0,10.1999
11/13/2024,Sell,BNDW,15.0,69.0513
11/14/2024,Sell,BNDW,15.0,69.1105
11/14/2024,Buy,ASHR,13.0,27.885
11/14/2024,Buy,HE,70.0,9.64
11/15/2024,Sell,BNDW,70.0,68.9816
11/15/2024,Buy,ANET,6.0,375.1578
11/15/2024,Buy,GOOG,13.0,173.21
11/15/2024,Buy,ASHR,12.0,27.3758
11/15/2024,Buy,HE,1.0,10.5873
11/18/2024,Buy,ASHR,2.0,27.355
11/18/2024,Buy,HE,2.0,10.4885
11/21/2024,Sell,TLT,4.0,90.4501
11/21/2024,Buy,ASHR,4.0,27.5165
11/21/2024,Buy,GOOG,30.0,166.68
11/21/2024,Sell,BNDW,50.0,69.145
11/21/2024,Sell,TLT,15.0,90.435
11/21/2024,Buy,ASHR,2.0,27.515
11/21/2024,Buy,HE,1.0,10.61
11/21/2024,Buy,GOOG,41.0,166.41
11/21/2024,Buy,ASHR,3.0,27.5057
11/21/2024,Sell,BNDW,100.0,69.13
11/21/2024,Buy,HE,1.0,10.608
11/21/2024,Sell,TLT,91.0,90.2625
11/21/2024,Buy,GOOG,49.0,165.9509
11/21/2024,Buy,ASHR,3.0,27.5067
11/22/2024,Buy,HE,1.0,10.6052
11/22/2024,Buy,ASHR,2.0,26.568
11/22/2024,Buy,ASHR,35.0,26.5661
11/22/2024,Buy,VEMRX,1.871,95.59
11/22/2024,Buy,VGSNX,8.467,21.12
11/22/2024,Buy,VIEIX,8.648733,20.68
11/22/2024,Buy,VFFSX,3.651,244.88
11/22/2024,Buy,VTMGX,22.426406,15.95
11/22/2024,Buy,VGSNX,4.519,20.50
11/22/2024,Buy,VSIAX,1.0248,90.41
11/25/2024,Buy,GOOG,14.841,166.57
11/26/2024,Buy,OXY,10.0,49.99
11/26/2024,Buy,ASHR,1.0,26.4381
11/26/2024,Buy,ASHR,18.0,26.4377
11/27/2024,Sell,ASHR,260.0,27.095
11/27/2024,Buy,PDD,70.0,100.2376
11/27/2024,Buy,HE,3.0,10.6794
11/27/2024,Buy,OXY,1.0,50.298
11/27/2024,Buy,PDD,8.0,99.81
11/27/2024,Buy,HE,3.0,10.578
11/27/2024,Sell,ASHR,33.0,27.0937
11/27/2024,Sell,ASHR,29.0,27.095
11/27/2024,Buy,PDD,8.0,99.6717
11/27/2024,Sell,ASHR,5.0,27.09
11/27/2024,Sell,ASHR,1.0,27.09
11/27/2024,Buy,PDD,1.0,99.81
11/27/2024,Buy,OXY,1.0,50.285
11/27/2024,Buy,HE,1.0,10.5698
11/29/2024,Sell,ASHR,169.0,27.2401
11/29/2024,Buy,HE,2.0,10.455
11/29/2024,Buy,OXY,1.0,50.668
11/29/2024,Buy,PDD,47.0,96.3915
11/29/2024,Buy,PDD,8,96.0577
11/29/2024,Sell,GEO,27,28.79
11/29/2024,Sell,FSGGX,172.463,15.21
12/02/2024,Buy,PDD,0.094,96.84
12/02/2024,Buy,PDD,27,96.82
12/04/2024,Sell,GEO,1.0,27.826
12/04/2024,Sell,GEO,3.0,27.826
12/04/2024,Sell,GEO,1.0,27.786
12/04/2024,Buy,OXY,3.0,49.2565
12/04/2024,Buy,HE,1.0,10.295
12/04/2024,Sell,GEO,1.0,27.845
12/04/2024,Buy,OXY,15.0,49.1
12/04/2024,Buy,HE,1.0,10.2686
12/04/2024,Sell,GEO,2.0,27.94
12/04/2024,Sell,GEO,1.0,27.9374
12/04/2024,Sell,GEO,1.0,27.94
12/04/2024,Sell,GEO,1.0,27.94
12/04/2024,Sell,GEO,3.0,27.9215
12/04/2024,Sell,GEO,2.0,27.924
12/04/2024,Sell,GEO,1.0,27.9215
12/04/2024,Sell,GEO,2.0,27.9015
12/04/2024,Buy,OXY,7.0,49.255
12/04/2024,Buy,HE,2.0,10.295
12/04/2024,Sell,FSKAX,467.303,169.48
12/04/2024,Sell,FSGGX,1822.129,15.37
12/04/2024,Buy,PDD,0.01,97.75
12/05/2024,Buy,HE,71,10.19
12/05/2024,Buy,HE,0.254,10.20
12/05/2024,Buy,VT,812,123.14
12/05/2024,Buy,VT,0.083,123.15
12/05/2024,Buy,PDD,31,98.63
12/05/2024,Buy,PDD,0.256,98.64
12/05/2024,Buy,OXY,69,48.81
12/05/2024,Buy,OXY,0.653,48.81
12/06/2024,Buy,HE,5.0,10.35
12/06/2024,Buy,OXY,20.0,47.53
12/06/2024,Buy,VEMRX,1.828,97.82
12/06/2024,Sell,VEMRX,0.001,97.82
12/06/2024,Buy,VGSNX,8.52,20.99
12/06/2024,Sell,VGSNX,0.006,20.99
12/06/2024,Buy,VIEIX,8.534558,20.96
12/06/2024,Buy,VFFSX,3.577,249.99
12/06/2024,Sell,VFFSX,0.003,249.99
12/06/2024,Buy,VTMGX,21.865391,16.36
12/06/2024,Sell,VTMGX,0.014203,16.36
12/07/2024,Buy,VGSNX,4.5488,20.37
12/07/2024,Buy,VSIAX,1.0312,89.87
12/13/2024,Sell,SCHD,0.96662,28.125
12/13/2024,Sell,SCHD,87.0,28.1201
12/13/2024,Sell,SCHD,613.0,28.1232
12/13/2024,Buy,PDD,300.0,101.8584
12/13/2024,Sell,O,262.0,55.3176
12/13/2024,Buy,OXY,75.0,47.8327
12/13/2024,Buy,OXY,1.0,47.82
12/13/2024,Buy,HE,2.0,10.1363
12/13/2024,Buy,VGSNX,0.4272,19.99
12/16/2024,Buy,HE,3.0,10.045
12/16/2024,Buy,OXY,1.0,46.969
12/17/2024,Buy,HE,1.0,10.205
12/17/2024,Buy,OXY,5.0,45.9
12/17/2024,Buy,OXY,0.739,46.00
12/17/2024,Buy,OXY,21,46.00
12/17/2024,Sell,VFFSX,68.356,248.47
12/17/2024,Buy,VFFSX,68.356,248.47
12/18/2024,Buy,VEMRX,33.907,95.45
12/18/2024,Buy,VFFSX,24.162,241.15
12/18/2024,Sell,VIEIX,167.104171,19.42
12/18/2024,Sell,VTMGX,372.301063,15.62
12/20/2024,Buy,WM,0.875,205.09
12/20/2024,Buy,WM,4,205.09
12/20/2024,Buy,PDD,0.005,99.86
12/20/2024,Buy,PDD,2,99.84
12/20/2024,Buy,VEMRX,4.615,93.33
12/20/2024,Buy,VEMRX,1.584,93.33
12/20/2024,Buy,VFFSX,6.19,243.57
12/20/2024,Buy,VGSNX,10.988,19.60
12/20/2024,Buy,VGSNX,9.7455,19.02
12/23/2024,Buy,WM,0.491,203.34
12/23/2024,Buy,OXY,31,47.60
12/23/2024,Buy,OXY,0.512,47.61
12/23/2024,Buy,GEO,0.834,28.05
12/23/2024,Buy,GEO,17,28.05
12/23/2024,Buy,VFFSX,0.314,244.59
12/23/2024,Buy,VGSNX,1.604,19.49
12/25/2024,Buy,GOOG,14.856,197.57
12/26/2024,Buy,PDD,0.006,99.79
12/26/2024,Buy,PDD,3,99.78
12/26/2024,Buy,OXY,6,47.85
12/26/2024,Buy,OXY,0.27,47.85
12/26/2024,Buy,HE,0.546,9.76
12/26/2024,Buy,HE,11,9.75
01/02/2025,Buy,HE,6.0,9.7637
01/02/2025,Buy,HE,1.0,9.7443
01/02/2025,Buy,HE,1,9.51
01/02/2025,Buy,HE,0.325,9.51
01/03/2025,Buy,VEMRX,3.841,93.13
01/03/2025,Buy,VFFSX,5.143,243.38
01/03/2025,Buy,VGSNX,9.116,19.62
01/06/2025,Buy,VGSNX,59.1033,18.97
01/10/2025,Sell,COST,3.0,929.19
01/10/2025,Buy,HE,1.0,8.44
01/10/2025,Sell,COST,0.01,929.135
01/10/2025,Buy,PDD,29.0,95.96
01/10/2025,Sell,DIS,36.0,108.495
01/10/2025,Buy,PDD,83.0,95.43
01/10/2025,Sell,NVDA,0.01,135.22
01/10/2025,Buy,HE,5.0,8.25
01/10/2025,Sell,NVDA,30.0,135.2134
01/10/2025,Buy,HE,4,8.28
01/10/2025,Buy,PDD,3,95.235
01/10/2025,Sell,DIS,3,108.4315
01/16/2025,Buy,HE,5.0,8.99
01/16/2025,Buy,HE,5.0,9.005
01/16/2025,Buy,PDD,0.154,99.39
01/17/2025,Buy,HE,2.0,9.174
01/17/2025,Buy,VEMRX,4.59,92.22
01/17/2025,Buy,VFFSX,6.03,245.71
01/17/2025,Buy,VGSNX,10.754,19.68
01/17/2025,Buy,VGSNX,6.2628,19.29
01/21/2025,Buy,OXY,10,50.29
01/21/2025,Buy,OXY,0.141,50.29
01/25/2025,Buy,GOOG,14.907,201.90
01/31/2025,Buy,OXY,52,47.19
01/31/2025,Buy,OXY,4,47.21
01/31/2025,Buy,OXY,0.959,47.19
01/31/2025,Buy,OXY,0.237,47.21
01/31/2025,Buy,VEMRX,3.828,93.43
01/31/2025,Buy,VFFSX,5.057,247.57
01/31/2025,Buy,VGSNX,8.996,19.88
02/03/2025,Buy,VGSNX,6.6416,19.42
02/07/2025,Sell,MSFT,3.0,411.08
02/07/2025,Buy,GEO,45.0,26.8802
02/07/2025,Buy,HE,2.0,9.305
02/07/2025,Sell,MSFT,0.089,411.395
02/07/2025,Buy,GOOG,48.0,186.7
02/07/2025,Sell,MSFT,2.0,411.35
02/07/2025,Sell,MSFT,20.0,411.3995
02/07/2025,Buy,OXY,2.0,46.7673
02/07/2025,Buy,HE,4.0,9.3099
02/14/2025,Buy,HE,2.0,10.35
02/14/2025,Sell,WM,0.366,228.97
02/14/2025,Sell,WM,5,229.03
02/14/2025,Buy,ANET,0.497,106.87
02/14/2025,Buy,ANET,11,106.89
02/14/2025,Buy,VEMRX,3.726,95.98
02/14/2025,Buy,VFFSX,4.993,250.77
02/14/2025,Buy,VGSNX,8.898,20.10
02/14/2025,Buy,VGSNX,6.1274,19.70
02/19/2025,Sell,SCI,224.651,78.63
02/19/2025,Buy,HE,1.0,10.6896
02/19/2025,Buy,ANET,97.0,102.655
02/19/2025,Buy,GEO,52.0,27.3435
02/19/2025,Buy,GOOG,33.0,186.76
02/19/2025,Buy,GEO,4.0,27.305
02/20/2025,Sell,WM,73.0,227.4312
02/20/2025,Buy,ANET,53.0,100.845
02/20/2025,Sell,WM,0.47,227.49
02/20/2025,Buy,GOOG,53.0,185.77
02/20/2025,Buy,GEO,1.0,26.31
02/20/2025,Buy,GEO,56.0,26.33
02/20/2025,Buy,HE,1.0,10.8864
02/21/2025,Buy,GEO,40.0,25.17
02/21/2025,Buy,GOOG,15.0,181.42
02/21/2025,Buy,GEO,1.0,25.4606
02/21/2025,Sell,AAPL,61.0,246.03
02/21/2025,Buy,OXY,163.0,50.5774
02/21/2025,Buy,OXY,1.0,50.5784
02/21/2025,Buy,ANET,30.0,98.79
02/25/2025,Buy,GOOG,14.907,181.19
02/26/2025,Sell,HE,1.0,10.8835
02/26/2025,Sell,HE,3.0,10.885
02/26/2025,Sell,HE,45.0,10.8801
02/26/2025,Buy,OXY,26.0,48.63
02/26/2025,Sell,HE,3.0,10.89
02/26/2025,Sell,HE,3.0,10.89
02/26/2025,Sell,HE,1.0,10.8831
02/26/2025,Sell,HE,10.0,10.8849
02/26/2025,Sell,HE,6.0,10.89
02/26/2025,Sell,HE,45.0,10.885
02/26/2025,Sell,HE,13.0,10.885
02/26/2025,Sell,HE,119.0,10.875
02/26/2025,Sell,HE,2.0,10.89
02/26/2025,Sell,HE,6.0,10.885
02/26/2025,Sell,HE,10.0,10.875
02/26/2025,Sell,HE,3.0,10.89
02/26/2025,Sell,HE,2.0,10.8843
02/26/2025,Sell,HE,11.0,10.885
02/26/2025,Sell,HE,110.0,10.875
02/26/2025,Sell,HE,1.0,10.88
02/26/2025,Sell,HE,6.0,10.88
02/26/2025,Sell,HE,8.0,10.885
02/26/2025,Sell,HE,6.0,10.885
02/26/2025,Sell,HE,252.0,10.88
02/26/2025,Sell,HE,3.0,10.8701
02/26/2025,Sell,HE,1.0,10.88
02/26/2025,Sell,HE,2.0,10.88
02/26/2025,Sell,HE,18.0,10.875
02/26/2025,Sell,HE,1.0,10.8802
02/26/2025,Sell,HE,2.0,10.885
02/26/2025,Buy,GOOG,36.0,174.085
02/27/2025,Buy,ANET,9,93.01
02/27/2025,Buy,ANET,0.676,93.01
02/27/2025,Buy,GOOG,3,171.66
02/27/2025,Buy,GOOG,0.495,171.66
02/28/2025,Sell,VT,0.44,119.27
02/28/2025,Sell,VT,0.165,119.34
02/28/2025,Sell,VT,92,119.35
02/28/2025,Sell,VT,0.862,119.25
02/28/2025,Sell,VT,83,119.24
02/28/2025,Sell,VT,0.69,119.35
02/28/2025,Sell,VT,44,119.26
02/28/2025,Sell,VT,125,119.34
02/28/2025,Buy,PDD,0.333,113.19
02/28/2025,Buy,PDD,88,113.20
02/28/2025,Buy,OXY,109,48.28
02/28/2025,Buy,OXY,0.778,48.27
02/28/2025,Buy,ANET,120,91.25
02/28/2025,Buy,ANET,0.55,91.24
02/28/2025,Buy,GOOG,0.324,169.82
02/28/2025,Buy,GOOG,88,169.82
02/28/2025,Buy,VEMRX,3.818,93.68
02/28/2025,Buy,VFFSX,5.124,244.33
02/28/2025,Buy,VGSNX,8.687,20.59
03/01/2025,Buy,VGSNX,6.0035,20.18
03/03/2025,Sell,VT,0.301,120.46
03/03/2025,Sell,VT,16,121.13
03/03/2025,Sell,VT,8,120.82
03/03/2025,Sell,VT,8,120.51
03/03/2025,Sell,VT,8,120.46
03/03/2025,Sell,VT,0.298,120.51
03/03/2025,Sell,VT,0.276,120.83
03/03/2025,Sell,VT,0.511,121.13
03/03/2025,Buy,OXY,21,47.41
03/03/2025,Buy,OXY,0.092,47.41
03/03/2025,Buy,ANET,0.325,88.30
03/03/2025,Buy,ANET,11,88.89
03/03/2025,Buy,ANET,22,89.42
03/03/2025,Buy,ANET,0.249,88.91
03/03/2025,Buy,ANET,0.365,89.44
03/03/2025,Buy,ANET,11,88.29
03/07/2025,Sell,VT,0.126,118.88
03/07/2025,Sell,VT,84,118.87
03/07/2025,Buy,ANET,0.862,83.35
03/07/2025,Buy,ANET,5,83.39
03/07/2025,Buy,ANET,114,83.43
03/07/2025,Sell,VEMRX,0.003,96.52
03/07/2025,Sell,VFFSX,0.004,236.84
03/07/2025,Sell,VGSNX,0.006,20.28
03/14/2025,Buy,VEMRX,3.745,96.42
03/14/2025,Buy,VFFSX,5.458,231.57
03/14/2025,Buy,VGSNX,9.124,19.79
03/14/2025,Buy,VGSNX,6.2216,19.40
03/17/2025,Sell,VEMRX,95.671,97.73
03/17/2025,Sell,VFFSX,130.823,233.08
03/17/2025,Sell,VGSNX,222.776,20.11
03/18/2025,Sell,HE,2.0,11.08
03/18/2025,Buy,ANET,1.0,83.88
03/18/2025,Buy,ANET,1,83.7802
03/18/2025,Buy,VT,96,117.745
03/18/2025,Buy,GEO,66,26.025
03/18/2025,Buy,OXY,63,47.66
03/18/2025,Buy,PDD,79,127.8217
03/18/2025,Buy,ANET,216,83.8627
03/18/2025,Sell,VT,84,117.89
03/18/2025,Sell,VT,0.827,117.89
03/18/2025,Buy,GOOG,61,162.90
03/18/2025,Buy,GOOG,0.498,162.89
03/20/2025,Sell,VGSNX,168.4074,19.62
03/20/2025,Sell,VMVAX,0.7278,82.81
03/20/2025,Sell,VSIAX,16.4326,80.52
03/20/2025,Sell,VTPSX,0.4391,135.44
03/24/2025,Buy,OXY,1,48.315
03/24/2025,Buy,PDD,37,127.27
03/25/2025,Buy,GOOG,1.785,169.93
03/25/2025,Buy,GOOG,14.924,169.93
03/26/2025,Buy,ANET,12.0,82.032
03/26/2025,Buy,ANET,1,82.13
03/26/2025,Buy,PDD,24,123.2248
03/26/2025,Buy,ANET,103,81.995
03/26/2025,Sell,VT,96,118.913
03/26/2025,Sell,HE,0.254,10.89
03/26/2025,Sell,HE,71,10.89
03/26/2025,Buy,ANET,9,81.95
03/26/2025,Buy,ANET,0.466,81.92
03/26/2025,Sell,VT,255,118.79
03/26/2025,Sell,VT,0.587,118.80
03/26/2025,Buy,PDD,0.9,122.25
03/26/2025,Buy,PDD,0.138,123.00
03/26/2025,Buy,PDD,8,122.30
03/26/2025,Buy,PDD,0.606,122.88
03/26/2025,Buy,PDD,1,122.99
03/26/2025,Buy,PDD,81,122.87
03/26/2025,Sell,HE,0.871,10.88
03/26/2025,Sell,HE,12,10.88
03/26/2025,Buy,ANET,48,81.66
03/26/2025,Buy,ANET,200,81.67
03/26/2025,Buy,ANET,48,82.01
03/26/2025,Buy,ANET,0.772,82.02
03/26/2025,Buy,ANET,0.985,81.62
03/27/2025,Sell,HE,987.0,11.0603
03/27/2025,Buy,ANET,137.0,79.5456
03/27/2025,Buy,OXY,1.0,49.7891
03/27/2025,Buy,ANET,31.0,79.36
03/27/2025,Buy,OXY,1.0,49.6591
03/27/2025,Buy,GOOG,3.0,165.19
03/27/2025,Sell,HE,458.0,11.0607
03/27/2025,Buy,ANET,1.0,79.46
03/27/2025,Buy,GOOG,30.0,165.33
03/27/2025,Sell,HE,4,11.084
03/27/2025,Buy,ANET,0.02341,79.45
03/27/2025,Sell,HE,0.165775,11.10
03/31/2025,Buy,ANET,24,75.552
04/07/2025,Buy,PDD,0.565,102.48
04/07/2025,Buy,PDD,17,102.48
04/07/2025,Buy,OXY,0.569,39.11
04/07/2025,Buy,OXY,25,39.11
04/07/2025,Buy,ANET,0.85,65.00
04/07/2025,Buy,ANET,31,64.97
04/14/2025,Buy,OXY,18,37.5177
04/14/2025,Buy,ANET,8,73.29
04/14/2025,Buy,PDD,6,95.322
04/16/2025,Buy,ANET,1.0,72.12
04/16/2025,Buy,PDD,1.0,92.535
04/16/2025,Buy,OXY,1.0,39.0158
04/16/2025,Buy,ANET,0.091,72.09
04/16/2025,Buy,ANET,1,72.11
04/25/2025,Buy,GOOG,14.924,161.47
04/25/2025,Buy,GOOG,2.38,161.47
04/28/2025,Buy,OXY,16,40.525
04/28/2025,Buy,ANET,7,78.0078
04/28/2025,Buy,PDD,6,102.7282
04/29/2025,Buy,PDD,0.53,104.93
04/29/2025,Buy,PDD,9,104.93
04/29/2025,Buy,OXY,25,40.43
04/29/2025,Buy,OXY,0.14,40.43
04/29/2025,Buy,ANET,0.487,80.08
04/29/2025,Buy,ANET,12,80.08
05/12/2025,Buy,GEO,1.0,25.7336
05/12/2025,Buy,GEO,1,25.6684
05/12/2025,Buy,OXY,35,44.305
05/12/2025,Buy,PDD,10,117.1294
05/12/2025,Buy,ANET,10,91.07
05/16/2025,Buy,PDD,10.0,118.082
05/23/2025,Buy,OXY,10.0,40.875
05/25/2025,Buy,GOOG,12.536,169.59
05/25/2025,Buy,GOOG,2.38,169.59
05/27/2025,Buy,OXY,1,41.28
05/27/2025,Buy,PDD,29,98.9997
05/27/2025,Buy,ANET,8,92.8179
06/09/2025,Buy,OXY,1,43.365
06/09/2025,Buy,PDD,35,102.875
06/17/2025,Buy,ANET,1.0,91.5158
06/17/2025,Buy,ANET,0.352,91.51
06/20/2025,Buy,ANET,12.0,86.72
06/23/2025,Buy,GEO,1,22.97
06/23/2025,Buy,PDD,29,101.0534
06/25/2025,Buy,GEO,1.0,23.2792
06/25/2025,Buy,OXY,36.0,42.4364
06/25/2025,Buy,GOOG,12.551,167.74
06/25/2025,Buy,GOOG,2.383,167.74
07/14/2025,Buy,PDD,7.0,102.26
07/14/2025,Buy,GEO,1.0,26.2992
07/14/2025,Buy,OXY,6.0,44.968
07/16/2025,Buy,OXY,4.0,42.225
07/16/2025,Buy,OXY,1,42.2255
07/16/2025,Buy,OXY,0.86,42.25
07/16/2025,Buy,OXY,1,42.24
07/16/2025,Buy,OXY,0.292,42.24
07/18/2025,Buy,OXY,45.0,44.285
07/18/2025,Buy,GEO,1.0,25.06
07/25/2025,Buy,GOOG,12.55,193.20
07/25/2025,Buy,GOOG,2.383,193.20
07/30/2025,Buy,OXY,24.0,44.1875
07/30/2025,Buy,GEO,1.0,25.22
08/25/2025,Buy,GOOG,12.55,206.72
08/25/2025,Buy,GOOG,1.787,206.72
08/28/2025,Buy,PDD,16.0,121.62
08/28/2025,Buy,GEO,1.0,20.69
08/28/2025,Buy,OXY,1.0,47.1263
08/28/2025,Buy,GEO,49.0,20.447
09/12/2025,Buy,OXY,1.0,45.9049
09/12/2025,Buy,OXY,23.0,45.92
09/12/2025,Buy,PDD,15.0,125.31
09/16/2025,Buy,OXY,2.0,46.2673
09/16/2025,Buy,OXY,0.696,46.26
09/18/2025,Buy,OXY,1.0,47.005
09/24/2025,Buy,PDD,26,132.5597
09/24/2025,Buy,OXY,1.0,47.1299
09/25/2025,Buy,GOOG,13.643,247.83
09/25/2025,Buy,GOOG,2.386,247.83
10/09/2025,Buy,PDD,15,130.6798
10/09/2025,Buy,GEO,2,18.1384
10/10/2025,Buy,PDD,8,124.54
10/16/2025,Buy,PDD,1,127.515
10/16/2025,Buy,OXY,2,41.53
10/16/2025,Buy,GEO,2,16.91
10/16/2025,Buy,OXY,1,41.53
10/16/2025,Buy,OXY,0.799,41.5244
10/16/2025,Buy,OXY,0.269,41.495
10/24/2025,Buy,GEO,58,17.24
10/24/2025,Buy,OXY,11,42.6297
10/24/2025,Buy,GEO,2,17.24
10/25/2025,Buy,GOOG,2.635,260.51
10/25/2025,Buy,GOOG,13.871,260.51
10/29/2025,Buy,OXY,24,40.8693
10/29/2025,Buy,GEO,1,17.215
11/10/2025,Buy,PDD,7,137.65
11/10/2025,Buy,GEO,1,15.33
11/10/2025,Buy,GEO,1,15.33
11/12/2025,Buy,PDD,7,136.01
11/12/2025,Buy,OXY,1,41.915
11/12/2025,Buy,PDD,5,135.8946
11/12/2025,Buy,GEO,2,14.88
11/17/2025,Buy,PDD,7,130.09
11/17/2025,Buy,GEO,6,14.8159
11/18/2025,Buy,PDD,12,122.175
11/18/2025,Buy,GEO,2,14.69
11/21/2025,Buy,ANET,6,117.7654
11/25/2025,Buy,GOOG,13.681,318.47
11/25/2025,Buy,GOOG,2.598,318.47
12/04/2025,Buy,PDD,13,115.265
12/04/2025,Buy,GEO,6,17.195
12/11/2025,Buy,PDD,8,111.8058
12/11/2025,Buy,GEO,6,16.9788
12/16/2025,Buy,GEO,5,16.65
12/16/2025,Buy,GEO,1,16.69
12/16/2025,Buy,GEO,0.929,16.69
12/16/2025,Buy,GEO,5,16.5268
12/16/2025,Buy,PDD,13,109.195
12/17/2025,Sell,OXY,29,40.11
12/17/2025,Sell,OXY,5,40.1145
12/17/2025,Sell,OXY,16,40.1315
12/17/2025,Buy,PDD,19,105.2058
12/17/2025,Buy,GEO,3,16.8
12/17/2025,Buy,GEO,1,16.7978
12/17/2025,Sell,BRK-B,1,503.8701
12/17/2025,Sell,BRK-B,1,503.7765
12/17/2025,Sell,BRK-B,1,503.6684
12/17/2025,Sell,BRK-B,1,503.5601
12/17/2025,Sell,BRK-B,1,503.6734
12/17/2025,Sell,BRK-B,1,503.43
12/17/2025,Sell,BRK-B,5,503.46
12/17/2025,Sell,OXY,40,40.1842
12/17/2025,Sell,OXY,1,40.1641
12/17/2025,Sell,OXY,1,40.1637
12/17/2025,Sell,OXY,10,40.1742
12/17/2025,Sell,OXY,17,40.165
12/17/2025,Sell,OXY,2,40.1641
12/17/2025,Sell,OXY,15,40.1631
12/17/2025,Sell,OXY,6,40.15
12/17/2025,Sell,OXY,1,40.1531
12/17/2025,Sell,OXY,38,40.2104
12/17/2025,Buy,PDD,17,104.78
12/17/2025,Buy,PDD,85,104.834
12/17/2025,Buy,GEO,5,16.7
12/17/2025,Buy,GEO,1,16.7199
12/24/2025,Buy,PDD,30,112.15
12/24/2025,Buy,GEO,3,16.1764
12/25/2025,Buy,GOOG,13.689,315.67
12/25/2025,Buy,GOOG,2.6,315.67
12/29/2025,Sell,OXY,255,40.0934
12/29/2025,Buy,PDD,90,113.0056
12/29/2025,Buy,GEO,3,16.3099
12/29/2025,Sell,OXY,491,40.1201
12/29/2025,Buy,PDD,174,113.15
01/05/2026,Buy,PDD,32,116.725
01/05/2026,Buy,GEO,1,16.076
01/06/2026,Buy,PDD,6,119.65
01/06/2026,Buy,GEO,1,15.71
01/13/2026,Sell,OXY,51,43.4355
01/13/2026,Sell,OXY,0.27,43.435
01/13/2026,Buy,PDD,19,111.47
01/13/2026,Buy,PDD,0.978,111.4899
01/14/2026,Sell,BRK-B,100,496.1377
01/14/2026,Sell,GEO,400,17.0907
01/14/2026,Buy,PDD,522,108.0706
01/14/2026,Sell,GEO,224,17.12
01/14/2026,Buy,PDD,35,108.315
01/14/2026,Sell,OXY,331.736,44.545
01/14/2026,Sell,GEO,19.763,17.1108
01/14/2026,Buy,PDD,139.382,108.445
01/14/2026,Sell,OXY,136,44.51
01/14/2026,Sell,GEO,71,17.07
01/14/2026,Buy,PDD,67,108.25
01/15/2026,Buy,PDD,1,107.695
01/16/2026,Buy,PDD,2,108.29
01/16/2026,Buy,PDD,0.745,106.839
01/20/2026,Buy,PDD,31,104.8899
01/20/2026,Buy,PDD,33,104.8899
01/21/2026,Buy,PDD,0.115,106.19
01/25/2026,Buy,GOOG,12.579,328.43
01/25/2026,Buy,GOOG,1.791,328.43
02/02/2026,Buy,PDD,36,102
02/02/2026,Buy,PDD,10,102.1437
02/09/2026,Buy,PDD,3,106.51
02/09/2026,Buy,PDD,0.756,106.55
